coso	site	channel	origen
/100151972/	sin identificar		amazonPrisa
/7811748/as_mob/50aniversario/especiales	as		amazonPrisa
/7811748/as_mob/america	as		amazonPrisa
/7811748/as_mob/apuestas/noticias	as		amazonPrisa
/7811748/as_mob/argentina/actualidad	as		amazonPrisa
/7811748/as_mob/argentina/actualidad/portada	as		amazonPrisa
/7811748/as_mob/argentina/directo	as		amazonPrisa
/7811748/as_mob/argentina/fotogalerias	as		amazonPrisa
/7811748/as_mob/argentina/futbol	as		amazonPrisa
/7811748/as_mob/argentina/infografia	as		amazonPrisa
/7811748/as_mob/argentina/masdeporte	as		amazonPrisa
/7811748/as_mob/argentina/portada	as		amazonPrisa
/7811748/as_mob/argentina/reportajes	as		amazonPrisa
/7811748/as_mob/argentina/tikitakas	as		amazonPrisa
/7811748/as_mob/argentina/tikitakas/portada	as		amazonPrisa
/7811748/as_mob/argentina/videos	as		amazonPrisa
/7811748/as_mob/as/actualidad	as		amazonPrisa
/7811748/as_mob/as/actualidad/portada	as		amazonPrisa
/7811748/as_mob/as/directo	as		amazonPrisa
/7811748/as_mob/ascolor/opinion	as		amazonPrisa
/7811748/as_mob/ascolor/portada	as		amazonPrisa
/7811748/as_mob/baloncesto	as_baloncesto		amazonPrisa
/7811748/as_mob/baloncesto/acb	as_baloncesto		amazonPrisa
/7811748/as_mob/baloncesto/acb/portada	as_baloncesto		amazonPrisa
/7811748/as_mob/baloncesto/copa_del_rey	as_baloncesto		amazonPrisa
/7811748/as_mob/baloncesto/directo	as_baloncesto		amazonPrisa
/7811748/as_mob/baloncesto/eurobasket	as_baloncesto		amazonPrisa
/7811748/as_mob/baloncesto/eurobasket_femenino	as_baloncesto		amazonPrisa
/7811748/as_mob/baloncesto/eurocup	as_baloncesto		amazonPrisa
/7811748/as_mob/baloncesto/euroliga	as_baloncesto		amazonPrisa
/7811748/as_mob/baloncesto/euroliga/portada	as_baloncesto		amazonPrisa
/7811748/as_mob/baloncesto/infografia	as_baloncesto		amazonPrisa
/7811748/as_mob/baloncesto/mas_baloncesto	as_baloncesto		amazonPrisa
/7811748/as_mob/baloncesto/mundial	as_baloncesto		amazonPrisa
/7811748/as_mob/baloncesto/portada	as_baloncesto		amazonPrisa
/7811748/as_mob/baloncesto/reportajes	as_baloncesto		amazonPrisa
/7811748/as_mob/baloncesto/videos	as_baloncesto		amazonPrisa
/7811748/as_mob/buenavida	as_buenavida		amazonPrisa
/7811748/as_mob/buenavida/fotorrelato	as_buenavida		amazonPrisa
/7811748/as_mob/buenavida/portada	as_buenavida		amazonPrisa
/7811748/as_mob/buscador	as		amazonPrisa
/7811748/as_mob/chile/actualidad	as		amazonPrisa
/7811748/as_mob/chile/actualidad/portada	as		amazonPrisa
/7811748/as_mob/chile/deporte_femenino	as		amazonPrisa
/7811748/as_mob/chile/deporte_femenino/portada	as		amazonPrisa
/7811748/as_mob/chile/deportes_aventura	as		amazonPrisa
/7811748/as_mob/chile/directo	as		amazonPrisa
/7811748/as_mob/chile/fotogalerias	as		amazonPrisa
/7811748/as_mob/chile/futbol	as		amazonPrisa
/7811748/as_mob/chile/futbol/portada	as		amazonPrisa
/7811748/as_mob/chile/masdeporte	as		amazonPrisa
/7811748/as_mob/chile/masdeporte/portada	as		amazonPrisa
/7811748/as_mob/chile/movil	as		amazonPrisa
/7811748/as_mob/chile/opinion	as		amazonPrisa
/7811748/as_mob/chile/opinion/portada	as		amazonPrisa
/7811748/as_mob/chile/portada	as		amazonPrisa
/7811748/as_mob/chile/reportajes	as		amazonPrisa
/7811748/as_mob/chile/tikitakas	as		amazonPrisa
/7811748/as_mob/chile/tikitakas/portada	as		amazonPrisa
/7811748/as_mob/chile/videos	as		amazonPrisa
/7811748/as_mob/ciclismo	as		amazonPrisa
/7811748/as_mob/ciclismo/directo	as		amazonPrisa
/7811748/as_mob/ciclismo/giro_de_italia	as		amazonPrisa
/7811748/as_mob/ciclismo/giro_de_italia/portada	as		amazonPrisa
/7811748/as_mob/ciclismo/infografia	as		amazonPrisa
/7811748/as_mob/ciclismo/mundial	as		amazonPrisa
/7811748/as_mob/ciclismo/portada	as		amazonPrisa
/7811748/as_mob/ciclismo/reportajes	as		amazonPrisa
/7811748/as_mob/ciclismo/tour_de_francia	as		amazonPrisa
/7811748/as_mob/ciclismo/tour_de_francia/portada	as		amazonPrisa
/7811748/as_mob/ciclismo/videos	as		amazonPrisa
/7811748/as_mob/ciclismo/vuelta_a_espana	as		amazonPrisa
/7811748/as_mob/ciclismo/vuelta_a_espana/portada	as		amazonPrisa
/7811748/as_mob/colombia/actualidad	as		amazonPrisa
/7811748/as_mob/colombia/actualidad/portada	as		amazonPrisa
/7811748/as_mob/colombia/deporteyvida/portada	as		amazonPrisa
/7811748/as_mob/colombia/directo	as		amazonPrisa
/7811748/as_mob/colombia/fotogalerias	as		amazonPrisa
/7811748/as_mob/colombia/fotorrelato	as		amazonPrisa
/7811748/as_mob/colombia/futbol	as		amazonPrisa
/7811748/as_mob/colombia/futbol/portada	as		amazonPrisa
/7811748/as_mob/colombia/masdeporte	as		amazonPrisa
/7811748/as_mob/colombia/masdeporte/portada	as		amazonPrisa
/7811748/as_mob/colombia/opinion	as		amazonPrisa
/7811748/as_mob/colombia/opinion/portada	as		amazonPrisa
/7811748/as_mob/colombia/portada	as		amazonPrisa
/7811748/as_mob/colombia/reportajes	as		amazonPrisa
/7811748/as_mob/colombia/tikitakas	as		amazonPrisa
/7811748/as_mob/colombia/tikitakas/portada	as		amazonPrisa
/7811748/as_mob/colombia/videos	as		amazonPrisa
/7811748/as_mob/deportes_accion	as		amazonPrisa
/7811748/as_mob/deportes_accion/agua	as		amazonPrisa
/7811748/as_mob/deportes_accion/mas_accion	as		amazonPrisa
/7811748/as_mob/deportes_accion/mas_deportes	as		amazonPrisa
/7811748/as_mob/deportes_accion/mtb	as		amazonPrisa
/7811748/as_mob/deportes_accion/portada	as		amazonPrisa
/7811748/as_mob/deportes_accion/reportajes	as		amazonPrisa
/7811748/as_mob/deportes_accion/snow	as		amazonPrisa
/7811748/as_mob/deportes_accion/surf	as		amazonPrisa
/7811748/as_mob/deportes_accion/surf/portada	as		amazonPrisa
/7811748/as_mob/deportes_accion/tierra	as		amazonPrisa
/7811748/as_mob/deportes_accion/urbano	as		amazonPrisa
/7811748/as_mob/deporteyvida/videos	as		amazonPrisa
/7811748/as_mob/diarioas/actualidad	as	mob	amazonPrisa
/7811748/as_mob/diarioas/actualidad/portada	as	mob	amazonPrisa
/7811748/as_mob/diarioas/directo	as	mob	amazonPrisa
/7811748/as_mob/en/directo	as		amazonPrisa
/7811748/as_mob/en/football	as		amazonPrisa
/7811748/as_mob/en/football/portada	as		amazonPrisa
/7811748/as_mob/en/infografia	as		amazonPrisa
/7811748/as_mob/en/latest_news	as		amazonPrisa
/7811748/as_mob/en/latest_news/portada	as		amazonPrisa
/7811748/as_mob/en/opinion	as		amazonPrisa
/7811748/as_mob/en/opinion/portada	as		amazonPrisa
/7811748/as_mob/en/other_sports	as		amazonPrisa
/7811748/as_mob/en/other_sports/portada	as		amazonPrisa
/7811748/as_mob/en/portada	as		amazonPrisa
/7811748/as_mob/en/reportajes	as		amazonPrisa
/7811748/as_mob/en/videos	as		amazonPrisa
/7811748/as_mob/encuestas	as		amazonPrisa
/7811748/as_mob/entrevistas	as		amazonPrisa
/7811748/as_mob/entrevistas/portada	as		amazonPrisa
/7811748/as_mob/epik	as_epik		amazonPrisa
/7811748/as_mob/epik/portada	as_epik		amazonPrisa
/7811748/as_mob/epik/videos	as_epik		amazonPrisa
/7811748/as_mob/esports/counter_strike	as_esports		amazonPrisa
/7811748/as_mob/esports/hearthstone	as_esports		amazonPrisa
/7811748/as_mob/esports/league_of_legends	as_esports		amazonPrisa
/7811748/as_mob/esports/mas_esports	as_esports		amazonPrisa
/7811748/as_mob/esports/portada	as_esports		amazonPrisa
/7811748/as_mob/esports/portada/portada	as_esports		amazonPrisa
/7811748/as_mob/fotogalerias/baloncesto	as		amazonPrisa
/7811748/as_mob/fotogalerias/buenavida	as		amazonPrisa
/7811748/as_mob/fotogalerias/ciclismo	as		amazonPrisa
/7811748/as_mob/fotogalerias/deportes_accion	as		amazonPrisa
/7811748/as_mob/fotogalerias/en	as		amazonPrisa
/7811748/as_mob/fotogalerias/epik	as		amazonPrisa
/7811748/as_mob/fotogalerias/epik/equipo	as		amazonPrisa
/7811748/as_mob/fotogalerias/futbol	as		amazonPrisa
/7811748/as_mob/fotogalerias/lachicadeas	as		amazonPrisa
/7811748/as_mob/fotogalerias/masdeporte	as		amazonPrisa
/7811748/as_mob/fotogalerias/motor	as		amazonPrisa
/7811748/as_mob/fotogalerias/ocio	as		amazonPrisa
/7811748/as_mob/fotogalerias/tenis	as		amazonPrisa
/7811748/as_mob/fotogalerias/tikitakas	as		amazonPrisa
/7811748/as_mob/fotorrelato/baloncesto	as		amazonPrisa
/7811748/as_mob/fotorrelato/ciclismo	as		amazonPrisa
/7811748/as_mob/fotorrelato/deportes_accion	as		amazonPrisa
/7811748/as_mob/fotorrelato/epik	as		amazonPrisa
/7811748/as_mob/fotorrelato/futbol	as		amazonPrisa
/7811748/as_mob/fotorrelato/futbol/portada	as		amazonPrisa
/7811748/as_mob/fotorrelato/masdeporte	as		amazonPrisa
/7811748/as_mob/fotorrelato/motor	as		amazonPrisa
/7811748/as_mob/fotorrelato/tenis	as		amazonPrisa
/7811748/as_mob/futbol	as_futbol		amazonPrisa
/7811748/as_mob/futbol/balon_oro	as_futbol		amazonPrisa
/7811748/as_mob/futbol/copa_africa	as_futbol		amazonPrisa
/7811748/as_mob/futbol/copa_america	as_futbol		amazonPrisa
/7811748/as_mob/futbol/copa_america/portada	as_futbol		amazonPrisa
/7811748/as_mob/futbol/copa_del_rey	as_futbol		amazonPrisa
/7811748/as_mob/futbol/copa_del_rey/portada	as_futbol		amazonPrisa
/7811748/as_mob/futbol/directo	as_futbol		amazonPrisa
/7811748/as_mob/futbol/eurocopa	as_futbol		amazonPrisa
/7811748/as_mob/futbol/eurocopa/especial	as_futbol		amazonPrisa
/7811748/as_mob/futbol/eurocopa/portada	as_futbol		amazonPrisa
/7811748/as_mob/futbol/europa_liga	as_futbol		amazonPrisa
/7811748/as_mob/futbol/europa_liga/portada	as_futbol		amazonPrisa
/7811748/as_mob/futbol/femenino	as_futbol		amazonPrisa
/7811748/as_mob/futbol/femenino/portada	as_futbol		amazonPrisa
/7811748/as_mob/futbol/infografia	as_futbol		amazonPrisa
/7811748/as_mob/futbol/internacional	as_futbol		amazonPrisa
/7811748/as_mob/futbol/internacional/portada	as_futbol		amazonPrisa
/7811748/as_mob/futbol/liga_de_campeones	as_futbol		amazonPrisa
/7811748/as_mob/futbol/liga_de_campeones/portada	as_futbol		amazonPrisa
/7811748/as_mob/futbol/mas_futbol	as_futbol		amazonPrisa
/7811748/as_mob/futbol/migrantes_del_balon	as_futbol		amazonPrisa
/7811748/as_mob/futbol/migrantes_del_balon/portada	as_futbol		amazonPrisa
/7811748/as_mob/futbol/mundial	as_futbol		amazonPrisa
/7811748/as_mob/futbol/mundial/portada	as_futbol		amazonPrisa
/7811748/as_mob/futbol/portada	as_futbol		amazonPrisa
/7811748/as_mob/futbol/primera	as_futbol		amazonPrisa
/7811748/as_mob/futbol/primera/portada	as_futbol		amazonPrisa
/7811748/as_mob/futbol/reportajes	as_futbol		amazonPrisa
/7811748/as_mob/futbol/segunda	as_futbol		amazonPrisa
/7811748/as_mob/futbol/segunda/portada	as_futbol		amazonPrisa
/7811748/as_mob/futbol/seleccion	as_futbol		amazonPrisa
/7811748/as_mob/futbol/seleccion/portada	as_futbol		amazonPrisa
/7811748/as_mob/futbol/torneo_internacional_alevin_futbol_7	as_futbol		amazonPrisa
/7811748/as_mob/futbol/videos	as_futbol		amazonPrisa
/7811748/as_mob/golf/masters_augusta	as		amazonPrisa
/7811748/as_mob/golf/ryder_cup	as		amazonPrisa
/7811748/as_mob/juegos_olimpicos/chile	as		amazonPrisa
/7811748/as_mob/juegos_olimpicos/chile/portada	as		amazonPrisa
/7811748/as_mob/juegos_olimpicos/colombia	as		amazonPrisa
/7811748/as_mob/juegos_olimpicos/colombia/portada	as		amazonPrisa
/7811748/as_mob/juegos_olimpicos/espana	as		amazonPrisa
/7811748/as_mob/juegos_olimpicos/espana/portada	as		amazonPrisa
/7811748/as_mob/juegos_olimpicos/noticias	as		amazonPrisa
/7811748/as_mob/juegos_olimpicos/us	as		amazonPrisa
/7811748/as_mob/juegos_olimpicos/us/portada	as		amazonPrisa
/7811748/as_mob/juegos_olimpicos/videos	as		amazonPrisa
/7811748/as_mob/lomasvisto	as		amazonPrisa
/7811748/as_mob/masdeporte	as		amazonPrisa
/7811748/as_mob/masdeporte/atletismo	as		amazonPrisa
/7811748/as_mob/masdeporte/atletismo/portada	as		amazonPrisa
/7811748/as_mob/masdeporte/balonmano	as		amazonPrisa
/7811748/as_mob/masdeporte/balonmano/portada	as		amazonPrisa
/7811748/as_mob/masdeporte/directo	as		amazonPrisa
/7811748/as_mob/masdeporte/golf	as		amazonPrisa
/7811748/as_mob/masdeporte/golf/portada	as		amazonPrisa
/7811748/as_mob/masdeporte/infografia	as		amazonPrisa
/7811748/as_mob/masdeporte/juegosolimpicos	as		amazonPrisa
/7811748/as_mob/masdeporte/juegosolimpicos/portada	as		amazonPrisa
/7811748/as_mob/masdeporte/mlb	as		amazonPrisa
/7811748/as_mob/masdeporte/mlb/portada	as		amazonPrisa
/7811748/as_mob/masdeporte/nfl	as		amazonPrisa
/7811748/as_mob/masdeporte/nfl/portada	as		amazonPrisa
/7811748/as_mob/masdeporte/polideportivo	as		amazonPrisa
/7811748/as_mob/masdeporte/polideportivo/deportista	as		amazonPrisa
/7811748/as_mob/masdeporte/polideportivo/portada	as		amazonPrisa
/7811748/as_mob/masdeporte/portada	as		amazonPrisa
/7811748/as_mob/masdeporte/videos	as		amazonPrisa
/7811748/as_mob/mexico/actualidad	as		amazonPrisa
/7811748/as_mob/mexico/actualidad/portada	as		amazonPrisa
/7811748/as_mob/mexico/boxeo	as		amazonPrisa
/7811748/as_mob/mexico/boxeo/portada	as		amazonPrisa
/7811748/as_mob/mexico/directo	as		amazonPrisa
/7811748/as_mob/mexico/fotogalerias	as		amazonPrisa
/7811748/as_mob/mexico/futbol	as		amazonPrisa
/7811748/as_mob/mexico/futbol/portada	as		amazonPrisa
/7811748/as_mob/mexico/masdeporte	as		amazonPrisa
/7811748/as_mob/mexico/masdeporte/portada	as		amazonPrisa
/7811748/as_mob/mexico/mlb	as		amazonPrisa
/7811748/as_mob/mexico/nfl	as		amazonPrisa
/7811748/as_mob/mexico/nfl/portada	as		amazonPrisa
/7811748/as_mob/mexico/opinion	as		amazonPrisa
/7811748/as_mob/mexico/opinion/portada	as		amazonPrisa
/7811748/as_mob/mexico/portada	as		amazonPrisa
/7811748/as_mob/mexico/reportajes	as		amazonPrisa
/7811748/as_mob/mexico/tikitakas	as		amazonPrisa
/7811748/as_mob/mexico/tikitakas/portada	as		amazonPrisa
/7811748/as_mob/mexico/videos	as		amazonPrisa
/7811748/as_mob/motor	as_motor		amazonPrisa
/7811748/as_mob/motor/directo	as_motor		amazonPrisa
/7811748/as_mob/motor/formula_1	as_motor		amazonPrisa
/7811748/as_mob/motor/formula_1/portada	as_motor		amazonPrisa
/7811748/as_mob/motor/infografia	as_motor		amazonPrisa
/7811748/as_mob/motor/mas_motor/portada	as_motor		amazonPrisa
/7811748/as_mob/motor/motociclismo	as_motor		amazonPrisa
/7811748/as_mob/motor/motociclismo/portada	as_motor		amazonPrisa
/7811748/as_mob/motor/portada	as_motor		amazonPrisa
/7811748/as_mob/motor/rallies	as_motor		amazonPrisa
/7811748/as_mob/motor/reportajes	as_motor		amazonPrisa
/7811748/as_mob/motor/videos	as_motor		amazonPrisa
/7811748/as_mob/ocio/cine	as		amazonPrisa
/7811748/as_mob/ocio/conectados	as		amazonPrisa
/7811748/as_mob/ocio/juegos	as		amazonPrisa
/7811748/as_mob/ocio/musica	as		amazonPrisa
/7811748/as_mob/ocio/salud	as		amazonPrisa
/7811748/as_mob/ocio/television	as		amazonPrisa
/7811748/as_mob/ocio/tikitakas	as		amazonPrisa
/7811748/as_mob/opinion	as		amazonPrisa
/7811748/as_mob/opinion/blogs	as		amazonPrisa
/7811748/as_mob/opinion/portada	as		amazonPrisa
/7811748/as_mob/peru/actualidad	as		amazonPrisa
/7811748/as_mob/peru/actualidad/portada	as		amazonPrisa
/7811748/as_mob/peru/directo	as		amazonPrisa
/7811748/as_mob/peru/futbol	as		amazonPrisa
/7811748/as_mob/peru/masdeporte	as		amazonPrisa
/7811748/as_mob/peru/portada	as		amazonPrisa
/7811748/as_mob/peru/reportajes	as		amazonPrisa
/7811748/as_mob/peru/tikitakas	as		amazonPrisa
/7811748/as_mob/peru/tikitakas/portada	as		amazonPrisa
/7811748/as_mob/portada	as		amazonPrisa
/7811748/as_mob/promocionespapel	as		amazonPrisa
/7811748/as_mob/resultados	as		amazonPrisa
/7811748/as_mob/resultados/calendario	as		amazonPrisa
/7811748/as_mob/resultados/calendario/dias	as		amazonPrisa
/7811748/as_mob/resultados/clasificacion	as		amazonPrisa
/7811748/as_mob/resultados/comparador	as		amazonPrisa
/7811748/as_mob/resultados/comparador/portada	as		amazonPrisa
/7811748/as_mob/resultados/directo	as		amazonPrisa
/7811748/as_mob/resultados/enjuego	as		amazonPrisa
/7811748/as_mob/resultados/equipos	as		amazonPrisa
/7811748/as_mob/resultados/estadisticas	as		amazonPrisa
/7811748/as_mob/resultados/ficha	as		amazonPrisa
/7811748/as_mob/resultados/ficha/deportista	as		amazonPrisa
/7811748/as_mob/resultados/ficha/equipo	as		amazonPrisa
/7811748/as_mob/resultados/integrantes	as		amazonPrisa
/7811748/as_mob/resultados/jornada	as		amazonPrisa
/7811748/as_mob/resultados/juegos_olimpicos	as		amazonPrisa
/7811748/as_mob/resultados/juegos_olimpicos/equipo	as		amazonPrisa
/7811748/as_mob/resultados/quiniela	as		amazonPrisa
/7811748/as_mob/resultados/ranking	as		amazonPrisa
/7811748/as_mob/rugby/seis_naciones	as		amazonPrisa
/7811748/as_mob/servicios/horoscopo	as		amazonPrisa
/7811748/as_mob/servicios/loteria-navidad	as		amazonPrisa
/7811748/as_mob/tag	as		amazonPrisa
/7811748/as_mob/tags/blogs	as		amazonPrisa
/7811748/as_mob/television/canales	as		amazonPrisa
/7811748/as_mob/television/programas	as		amazonPrisa
/7811748/as_mob/tenis	as		amazonPrisa
/7811748/as_mob/tenis/copa_davis	as		amazonPrisa
/7811748/as_mob/tenis/directo	as		amazonPrisa
/7811748/as_mob/tenis/final_atp	as		amazonPrisa
/7811748/as_mob/tenis/final_atp/portada	as		amazonPrisa
/7811748/as_mob/tenis/infografia	as		amazonPrisa
/7811748/as_mob/tenis/mas_tenis	as		amazonPrisa
/7811748/as_mob/tenis/maS_tenis/portada	as		amazonPrisa
/7811748/as_mob/tenis/masters_1000	as		amazonPrisa
/7811748/as_mob/tenis/masters_1000/portada	as		amazonPrisa
/7811748/as_mob/tenis/open_australia	as		amazonPrisa
/7811748/as_mob/tenis/open_australia/portada	as		amazonPrisa
/7811748/as_mob/tenis/portada	as		amazonPrisa
/7811748/as_mob/tenis/reportajes	as		amazonPrisa
/7811748/as_mob/tenis/roland_garros	as		amazonPrisa
/7811748/as_mob/tenis/roland_garros/portada	as		amazonPrisa
/7811748/as_mob/tenis/us_open	as		amazonPrisa
/7811748/as_mob/tenis/us_open/portada	as		amazonPrisa
/7811748/as_mob/tenis/videos	as		amazonPrisa
/7811748/as_mob/tenis/wimbledon	as		amazonPrisa
/7811748/as_mob/tenis/wimbledon/portada	as		amazonPrisa
/7811748/as_mob/tikitakas	as_tikitakas		amazonPrisa
/7811748/as_mob/tikitakas/fotorrelato	as_tikitakas		amazonPrisa
/7811748/as_mob/tikitakas/portada	as_tikitakas		amazonPrisa
/7811748/as_mob/tikitakas/reportajes	as_tikitakas		amazonPrisa
/7811748/as_mob/tikitakas/videos	as_tikitakas		amazonPrisa
/7811748/as_mob/toros	as		amazonPrisa
/7811748/as_mob/us/actualidad	as		amazonPrisa
/7811748/as_mob/us/actualidad/portada	as		amazonPrisa
/7811748/as_mob/us/directo	as		amazonPrisa
/7811748/as_mob/us/fotogalerias	as		amazonPrisa
/7811748/as_mob/us/futbol	as		amazonPrisa
/7811748/as_mob/us/futbol/portada	as		amazonPrisa
/7811748/as_mob/us/masdeporte	as		amazonPrisa
/7811748/as_mob/us/masdeporte/portada	as		amazonPrisa
/7811748/as_mob/us/mlb	as		amazonPrisa
/7811748/as_mob/us/mlb/portada	as		amazonPrisa
/7811748/as_mob/us/nfl	as		amazonPrisa
/7811748/as_mob/us/nfl/portada	as		amazonPrisa
/7811748/as_mob/us/opinion	as		amazonPrisa
/7811748/as_mob/us/opinion/portada	as		amazonPrisa
/7811748/as_mob/us/portada	as		amazonPrisa
/7811748/as_mob/us/reportajes	as		amazonPrisa
/7811748/as_mob/us/tikitakas	as		amazonPrisa
/7811748/as_mob/us/tikitakas/portada	as		amazonPrisa
/7811748/as_mob/us/videos	as		amazonPrisa
/7811748/as_mob/videos	as		amazonPrisa
/7811748/as_mob/videos/portada	as		amazonPrisa
/7811748/as_mob/videos/portada/portada	as		amazonPrisa
/7811748/as_nba_mob	as_nba		amazonPrisa
/7811748/as_nba_mob/portada	as_nba		amazonPrisa
/7811748/as_nba_web	as_nba		amazonPrisa
/7811748/as_nba_web/portada	as_nba		amazonPrisa
/7811748/as_web/america	as		amazonPrisa
/7811748/as_web/apuestas/noticias	as		amazonPrisa
/7811748/as_web/argentina/actualidad	as		amazonPrisa
/7811748/as_web/argentina/actualidad/portada	as		amazonPrisa
/7811748/as_web/argentina/directo	as		amazonPrisa
/7811748/as_web/argentina/fotogalerias	as		amazonPrisa
/7811748/as_web/argentina/futbol	as		amazonPrisa
/7811748/as_web/argentina/infografia	as		amazonPrisa
/7811748/as_web/argentina/masdeporte	as		amazonPrisa
/7811748/as_web/argentina/portada	as		amazonPrisa
/7811748/as_web/argentina/reportajes	as		amazonPrisa
/7811748/as_web/argentina/tikitakas	as		amazonPrisa
/7811748/as_web/argentina/videos	as		amazonPrisa
/7811748/as_web/as/actualidad	as		amazonPrisa
/7811748/as_web/as/directo	as		amazonPrisa
/7811748/as_web/baloncesto	as_baloncesto		amazonPrisa
/7811748/as_web/baloncesto/acb	as_baloncesto		amazonPrisa
/7811748/as_web/baloncesto/copa_del_rey	as_baloncesto		amazonPrisa
/7811748/as_web/baloncesto/directo	as_baloncesto		amazonPrisa
/7811748/as_web/baloncesto/eurocup	as_baloncesto		amazonPrisa
/7811748/as_web/baloncesto/euroliga	as_baloncesto		amazonPrisa
/7811748/as_web/baloncesto/infografia	as_baloncesto		amazonPrisa
/7811748/as_web/baloncesto/mas_baloncesto	as_baloncesto		amazonPrisa
/7811748/as_web/baloncesto/mundial	as_baloncesto		amazonPrisa
/7811748/as_web/baloncesto/reportajes	as_baloncesto		amazonPrisa
/7811748/as_web/baloncesto/videos	as_baloncesto		amazonPrisa
/7811748/as_web/buenavida	as_buenavida		amazonPrisa
/7811748/as_web/buenavida/fotorrelato	as_buenavida		amazonPrisa
/7811748/as_web/buenavida/fotorrelato/portada	as_buenavida		amazonPrisa
/7811748/as_web/buscador	as		amazonPrisa
/7811748/as_web/chile/actualidad	as		amazonPrisa
/7811748/as_web/chile/deporte_femenino	as		amazonPrisa
/7811748/as_web/chile/deportes_aventura	as		amazonPrisa
/7811748/as_web/chile/directo	as		amazonPrisa
/7811748/as_web/chile/fotogalerias	as		amazonPrisa
/7811748/as_web/chile/futbol	as		amazonPrisa
/7811748/as_web/chile/lomasvisto	as		amazonPrisa
/7811748/as_web/chile/masdeporte	as		amazonPrisa
/7811748/as_web/chile/opinion	as		amazonPrisa
/7811748/as_web/chile/portada	as		amazonPrisa
/7811748/as_web/chile/reportajes	as		amazonPrisa
/7811748/as_web/chile/tikitakas	as		amazonPrisa
/7811748/as_web/chile/videos	as		amazonPrisa
/7811748/as_web/ciclismo	as		amazonPrisa
/7811748/as_web/ciclismo/directo	as		amazonPrisa
/7811748/as_web/ciclismo/giro_de_italia	as		amazonPrisa
/7811748/as_web/ciclismo/infografia	as		amazonPrisa
/7811748/as_web/ciclismo/reportajes	as		amazonPrisa
/7811748/as_web/ciclismo/tour_de_francia	as		amazonPrisa
/7811748/as_web/ciclismo/videos	as		amazonPrisa
/7811748/as_web/ciclismo/vuelta_a_espana	as		amazonPrisa
/7811748/as_web/colombia/actualidad	as		amazonPrisa
/7811748/as_web/colombia/directo	as		amazonPrisa
/7811748/as_web/colombia/fotogalerias	as		amazonPrisa
/7811748/as_web/colombia/fotorrelato	as		amazonPrisa
/7811748/as_web/colombia/futbol	as		amazonPrisa
/7811748/as_web/colombia/infografia	as		amazonPrisa
/7811748/as_web/colombia/masdeporte	as		amazonPrisa
/7811748/as_web/colombia/masdeporte/portada	as		amazonPrisa
/7811748/as_web/colombia/opinion	as		amazonPrisa
/7811748/as_web/colombia/portada	as		amazonPrisa
/7811748/as_web/colombia/reportajes	as		amazonPrisa
/7811748/as_web/colombia/tikitakas	as		amazonPrisa
/7811748/as_web/colombia/videos	as		amazonPrisa
/7811748/as_web/deportes_accion	as		amazonPrisa
/7811748/as_web/deportes_accion/agua	as		amazonPrisa
/7811748/as_web/deportes_accion/mas_accion	as		amazonPrisa
/7811748/as_web/deportes_accion/mas_deportes	as		amazonPrisa
/7811748/as_web/deportes_accion/mtb	as		amazonPrisa
/7811748/as_web/deportes_accion/reportajes	as		amazonPrisa
/7811748/as_web/deportes_accion/snow	as		amazonPrisa
/7811748/as_web/deportes_accion/surf	as		amazonPrisa
/7811748/as_web/deportes_accion/tierra	as		amazonPrisa
/7811748/as_web/deportes_accion/urbano	as		amazonPrisa
/7811748/as_web/deporteyvida/videos	as		amazonPrisa
/7811748/as_web/diarioas/actualidad	as	web	amazonPrisa
/7811748/as_web/diarioas/directo	as	web	amazonPrisa
/7811748/as_web/en/directo	as		amazonPrisa
/7811748/as_web/en/football	as		amazonPrisa
/7811748/as_web/en/infografia	as		amazonPrisa
/7811748/as_web/en/infografia/portada	as		amazonPrisa
/7811748/as_web/en/latest_news	as		amazonPrisa
/7811748/as_web/en/opinion	as		amazonPrisa
/7811748/as_web/en/other_sports	as		amazonPrisa
/7811748/as_web/en/portada	as		amazonPrisa
/7811748/as_web/en/reportajes	as		amazonPrisa
/7811748/as_web/en/videos	as		amazonPrisa
/7811748/as_web/encuestas	as		amazonPrisa
/7811748/as_web/entrevistas	as		amazonPrisa
/7811748/as_web/epik	as_epik		amazonPrisa
/7811748/as_web/epik/videos	as_epik		amazonPrisa
/7811748/as_web/epik/videos/portada	as_epik		amazonPrisa
/7811748/as_web/esports/league_of_legends	as_esports		amazonPrisa
/7811748/as_web/esports/mas_esports	as_esports		amazonPrisa
/7811748/as_web/fotogalerias/baloncesto	as		amazonPrisa
/7811748/as_web/fotogalerias/buenavida	as		amazonPrisa
/7811748/as_web/fotogalerias/ciclismo	as		amazonPrisa
/7811748/as_web/fotogalerias/deportes_accion	as		amazonPrisa
/7811748/as_web/fotogalerias/en	as		amazonPrisa
/7811748/as_web/fotogalerias/epik	as		amazonPrisa
/7811748/as_web/fotogalerias/futbol	as		amazonPrisa
/7811748/as_web/fotogalerias/masdeporte	as		amazonPrisa
/7811748/as_web/fotogalerias/motor	as		amazonPrisa
/7811748/as_web/fotogalerias/ocio	as		amazonPrisa
/7811748/as_web/fotogalerias/tenis	as		amazonPrisa
/7811748/as_web/fotogalerias/tikitakas	as		amazonPrisa
/7811748/as_web/fotorrelato/baloncesto	as		amazonPrisa
/7811748/as_web/fotorrelato/ciclismo	as		amazonPrisa
/7811748/as_web/fotorrelato/deportes_accion	as		amazonPrisa
/7811748/as_web/fotorrelato/epik	as		amazonPrisa
/7811748/as_web/fotorrelato/futbol	as		amazonPrisa
/7811748/as_web/fotorrelato/masdeporte	as		amazonPrisa
/7811748/as_web/fotorrelato/motor	as		amazonPrisa
/7811748/as_web/fotorrelato/tenis	as		amazonPrisa
/7811748/as_web/futbol	as_futbol		amazonPrisa
/7811748/as_web/futbol/balon_oro	as_futbol		amazonPrisa
/7811748/as_web/futbol/copa_del_rey	as_futbol		amazonPrisa
/7811748/as_web/futbol/directo	as_futbol		amazonPrisa
/7811748/as_web/futbol/eurocopa	as_futbol		amazonPrisa
/7811748/as_web/futbol/eurocopa/especial	as_futbol		amazonPrisa
/7811748/as_web/futbol/europa_liga	as_futbol		amazonPrisa
/7811748/as_web/futbol/femenino	as_futbol		amazonPrisa
/7811748/as_web/futbol/infografia	as_futbol		amazonPrisa
/7811748/as_web/futbol/internacional	as_futbol		amazonPrisa
/7811748/as_web/futbol/liga_de_campeones	as_futbol		amazonPrisa
/7811748/as_web/futbol/mas_futbol	as_futbol		amazonPrisa
/7811748/as_web/futbol/migrantes_del_balon	as_futbol		amazonPrisa
/7811748/as_web/futbol/mundial	as_futbol		amazonPrisa
/7811748/as_web/futbol/portada	as_futbol		amazonPrisa
/7811748/as_web/futbol/primera	as_futbol		amazonPrisa
/7811748/as_web/futbol/reportajes	as_futbol		amazonPrisa
/7811748/as_web/futbol/reportajes/portada	as_futbol		amazonPrisa
/7811748/as_web/futbol/segunda	as_futbol		amazonPrisa
/7811748/as_web/futbol/seleccion	as_futbol		amazonPrisa
/7811748/as_web/futbol/videos	as_futbol		amazonPrisa
/7811748/as_web/golf/masters_augusta	as		amazonPrisa
/7811748/as_web/lomasvisto	as		amazonPrisa
/7811748/as_web/masdeporte	as		amazonPrisa
/7811748/as_web/masdeporte/atletismo	as		amazonPrisa
/7811748/as_web/masdeporte/balonmano	as		amazonPrisa
/7811748/as_web/masdeporte/directo	as		amazonPrisa
/7811748/as_web/masdeporte/golf	as		amazonPrisa
/7811748/as_web/masdeporte/infografia	as		amazonPrisa
/7811748/as_web/masdeporte/infografia/portada	as		amazonPrisa
/7811748/as_web/masdeporte/juegosolimpicos	as		amazonPrisa
/7811748/as_web/masdeporte/juegosolimpicos/deportista	as		amazonPrisa
/7811748/as_web/masdeporte/mlb	as		amazonPrisa
/7811748/as_web/masdeporte/nfl	as		amazonPrisa
/7811748/as_web/masdeporte/nfl/portada	as		amazonPrisa
/7811748/as_web/masdeporte/polideportivo	as		amazonPrisa
/7811748/as_web/masdeporte/videos	as		amazonPrisa
/7811748/as_web/mexico/actualidad	as		amazonPrisa
/7811748/as_web/mexico/actualidad/portada	as		amazonPrisa
/7811748/as_web/mexico/boxeo	as		amazonPrisa
/7811748/as_web/mexico/directo	as		amazonPrisa
/7811748/as_web/mexico/fotogalerias	as		amazonPrisa
/7811748/as_web/mexico/fotorrelato	as		amazonPrisa
/7811748/as_web/mexico/futbol	as		amazonPrisa
/7811748/as_web/mexico/infografia	as		amazonPrisa
/7811748/as_web/mexico/masdeporte	as		amazonPrisa
/7811748/as_web/mexico/mlb	as		amazonPrisa
/7811748/as_web/mexico/nfl	as		amazonPrisa
/7811748/as_web/mexico/nfl/portada	as		amazonPrisa
/7811748/as_web/mexico/opinion	as		amazonPrisa
/7811748/as_web/mexico/portada	as		amazonPrisa
/7811748/as_web/mexico/reportajes	as		amazonPrisa
/7811748/as_web/mexico/tikitakas	as		amazonPrisa
/7811748/as_web/mexico/videos	as		amazonPrisa
/7811748/as_web/motor	as_motor		amazonPrisa
/7811748/as_web/motor/directo	as_motor		amazonPrisa
/7811748/as_web/motor/formula_1	as_motor		amazonPrisa
/7811748/as_web/motor/formula_1/portada	as_motor		amazonPrisa
/7811748/as_web/motor/infografia	as_motor		amazonPrisa
/7811748/as_web/motor/motociclismo	as_motor		amazonPrisa
/7811748/as_web/motor/motociclismo/portada	as_motor		amazonPrisa
/7811748/as_web/motor/rallies	as_motor		amazonPrisa
/7811748/as_web/motor/reportajes	as_motor		amazonPrisa
/7811748/as_web/motor/videos	as_motor		amazonPrisa
/7811748/as_web/ocio/cine	as		amazonPrisa
/7811748/as_web/ocio/conectados	as		amazonPrisa
/7811748/as_web/ocio/juegos	as		amazonPrisa
/7811748/as_web/ocio/musica	as		amazonPrisa
/7811748/as_web/ocio/salud	as		amazonPrisa
/7811748/as_web/ocio/television	as		amazonPrisa
/7811748/as_web/ocio/tikitakas	as		amazonPrisa
/7811748/as_web/opinion	as		amazonPrisa
/7811748/as_web/opinion/blogs	as		amazonPrisa
/7811748/as_web/peru/actualidad	as		amazonPrisa
/7811748/as_web/peru/actualidad/portada	as		amazonPrisa
/7811748/as_web/peru/directo	as		amazonPrisa
/7811748/as_web/peru/futbol	as		amazonPrisa
/7811748/as_web/peru/masdeporte	as		amazonPrisa
/7811748/as_web/peru/portada	as		amazonPrisa
/7811748/as_web/peru/reportajes	as		amazonPrisa
/7811748/as_web/peru/tikitakas	as		amazonPrisa
/7811748/as_web/portada	as		amazonPrisa
/7811748/as_web/resultados	as		amazonPrisa
/7811748/as_web/resultados/calendario	as		amazonPrisa
/7811748/as_web/resultados/calendario/dias	as		amazonPrisa
/7811748/as_web/resultados/clasificacion	as		amazonPrisa
/7811748/as_web/resultados/directo	as		amazonPrisa
/7811748/as_web/resultados/enjuego	as		amazonPrisa
/7811748/as_web/resultados/equipos	as		amazonPrisa
/7811748/as_web/resultados/equipos/dias	as		amazonPrisa
/7811748/as_web/resultados/estadisticas	as		amazonPrisa
/7811748/as_web/resultados/ficha	as		amazonPrisa
/7811748/as_web/resultados/ficha/deportista	as		amazonPrisa
/7811748/as_web/resultados/ficha/equipo	as		amazonPrisa
/7811748/as_web/resultados/integrantes	as		amazonPrisa
/7811748/as_web/resultados/jornada	as		amazonPrisa
/7811748/as_web/resultados/juegos_olimpicos	as		amazonPrisa
/7811748/as_web/resultados/quiniela	as		amazonPrisa
/7811748/as_web/resultados/ranking	as		amazonPrisa
/7811748/as_web/rss	as		amazonPrisa
/7811748/as_web/rugby/seis_naciones	as		amazonPrisa
/7811748/as_web/rugby/seis_naciones/portada	as		amazonPrisa
/7811748/as_web/servicios/horoscopo	as		amazonPrisa
/7811748/as_web/tag	as		amazonPrisa
/7811748/as_web/tags/blogs	as		amazonPrisa
/7811748/as_web/television/programas	as		amazonPrisa
/7811748/as_web/tenis	as		amazonPrisa
/7811748/as_web/tenis/copa_davis	as		amazonPrisa
/7811748/as_web/tenis/directo	as		amazonPrisa
/7811748/as_web/tenis/final_atp	as		amazonPrisa
/7811748/as_web/tenis/infografia	as		amazonPrisa
/7811748/as_web/tenis/mas_tenis	as		amazonPrisa
/7811748/as_web/tenis/mas_tenis/portada	as		amazonPrisa
/7811748/as_web/tenis/masters_1000	as		amazonPrisa
/7811748/as_web/tenis/open_australia	as		amazonPrisa
/7811748/as_web/tenis/reportajes	as		amazonPrisa
/7811748/as_web/tenis/roland_garros	as		amazonPrisa
/7811748/as_web/tenis/us_open	as		amazonPrisa
/7811748/as_web/tenis/videos	as		amazonPrisa
/7811748/as_web/tenis/wimbledon	as		amazonPrisa
/7811748/as_web/tikitakas	as_tikitakas		amazonPrisa
/7811748/as_web/tikitakas/fotorrelato	as_tikitakas		amazonPrisa
/7811748/as_web/tikitakas/portada	as_tikitakas		amazonPrisa
/7811748/as_web/tikitakas/reportajes	as_tikitakas		amazonPrisa
/7811748/as_web/tikitakas/videos	as_tikitakas		amazonPrisa
/7811748/as_web/toros	as		amazonPrisa
/7811748/as_web/us/actualidad	as		amazonPrisa
/7811748/as_web/us/directo	as		amazonPrisa
/7811748/as_web/us/fotogalerias	as		amazonPrisa
/7811748/as_web/us/futbol	as		amazonPrisa
/7811748/as_web/us/masdeporte	as		amazonPrisa
/7811748/as_web/us/mlb	as		amazonPrisa
/7811748/as_web/us/nfl	as		amazonPrisa
/7811748/as_web/us/opinion	as		amazonPrisa
/7811748/as_web/us/portada	as		amazonPrisa
/7811748/as_web/us/reportajes	as		amazonPrisa
/7811748/as_web/us/tikitakas	as		amazonPrisa
/7811748/as_web/videos	as		amazonPrisa
/7811748/elpais_web/cultura	elpais_cultura		amazonPrisa
/7811748/elpais_web/politica	elpais		amazonPrisa
/7811748/huffingtonpost_mob/blogs	huffingtonpost	mob	amazonPrisa
/7811748/huffingtonpost_mob/economia	huffingtonpost	mob	amazonPrisa
/7811748/huffingtonpost_mob/internacional	huffingtonpost	mob	amazonPrisa
/7811748/huffingtonpost_mob/life	huffingtonpost		amazonPrisa
/7811748/huffingtonpost_mob/noticias	huffingtonpost	mob	amazonPrisa
/7811748/huffingtonpost_mob/politica	huffingtonpost	mob	amazonPrisa
/7811748/huffingtonpost_mob/tendencias	huffingtonpost		amazonPrisa
/7811748/huffingtonpost_mob/virales	huffingtonpost	mob	amazonPrisa
/7811748/huffingtonpost_web/life	huffingtonpost		amazonPrisa
/7811748/huffingtonpostob/blogs	huffingtonpost		amazonPrisa
/7811748/huffingtonpostob/economia	huffingtonpost		amazonPrisa
/7811748/huffingtonpostob/internacional	huffingtonpost		amazonPrisa
/7811748/huffingtonpostob/noticias	huffingtonpost		amazonPrisa
/7811748/huffingtonpostob/politica	huffingtonpost		amazonPrisa
/7811748/huffingtonpostob/virales	huffingtonpost		amazonPrisa
/7811748/meristation_betech_mob/noticias	meristation_betech		amazonPrisa
/7811748/meristation_betech_mob/portada	meristation_betech		amazonPrisa
/7811748/meristation_betech_web/noticias	meristation_betech		amazonPrisa
/7811748/meristation_betech_web/portada	meristation_betech		amazonPrisa
/7811748/meristation_mob/analisis	meristation		amazonPrisa
/7811748/meristation_mob/avances	meristation		amazonPrisa
/7811748/meristation_mob/buscador	meristation		amazonPrisa
/7811748/meristation_mob/demos	meristation		amazonPrisa
/7811748/meristation_mob/descargas	meristation		amazonPrisa
/7811748/meristation_mob/directo	meristation		amazonPrisa
/7811748/meristation_mob/empresa	meristation		amazonPrisa
/7811748/meristation_mob/empresas	meristation		amazonPrisa
/7811748/meristation_mob/estaticos	meristation		amazonPrisa
/7811748/meristation_mob/evento	meristation		amazonPrisa
/7811748/meristation_mob/eventos	meristation		amazonPrisa
/7811748/meristation_mob/fotogalerias	meristation		amazonPrisa
/7811748/meristation_mob/guias	meristation		amazonPrisa
/7811748/meristation_mob/juego	meristation		amazonPrisa
/7811748/meristation_mob/juego/especial	meristation		amazonPrisa
/7811748/meristation_mob/juegos	meristation		amazonPrisa
/7811748/meristation_mob/lanzamientos	meristation		amazonPrisa
/7811748/meristation_mob/mexico	meristation		amazonPrisa
/7811748/meristation_mob/noticias	meristation		amazonPrisa
/7811748/meristation_mob/opinion	meristation		amazonPrisa
/7811748/meristation_mob/plataformas/android	meristation		amazonPrisa
/7811748/meristation_mob/plataformas/arcade	meristation		amazonPrisa
/7811748/meristation_mob/plataformas/atari_2600	meristation		amazonPrisa
/7811748/meristation_mob/plataformas/atari_8_bits	meristation		amazonPrisa
/7811748/meristation_mob/plataformas/chicas_meristation	meristation		amazonPrisa
/7811748/meristation_mob/plataformas/cine	meristation		amazonPrisa
/7811748/meristation_mob/plataformas/computadora_personal	meristation		amazonPrisa
/7811748/meristation_mob/plataformas/deporte_electronico	meristation		amazonPrisa
/7811748/meristation_mob/plataformas/deportes	meristation		amazonPrisa
/7811748/meristation_mob/plataformas/dreamcast	meristation		amazonPrisa
/7811748/meristation_mob/plataformas/game_boy	meristation		amazonPrisa
/7811748/meristation_mob/plataformas/game_boy_advance	meristation		amazonPrisa
/7811748/meristation_mob/plataformas/game_boy_color	meristation		amazonPrisa
/7811748/meristation_mob/plataformas/gamecube	meristation		amazonPrisa
/7811748/meristation_mob/plataformas/ipad	meristation		amazonPrisa
/7811748/meristation_mob/plataformas/iphone	meristation		amazonPrisa
/7811748/meristation_mob/plataformas/mac_os_x	meristation		amazonPrisa
/7811748/meristation_mob/plataformas/manga	meristation		amazonPrisa
/7811748/meristation_mob/plataformas/megadrive	meristation		amazonPrisa
/7811748/meristation_mob/plataformas/neo_geo	meristation		amazonPrisa
/7811748/meristation_mob/plataformas/nes	meristation		amazonPrisa
/7811748/meristation_mob/plataformas/nes/portada	meristation		amazonPrisa
/7811748/meristation_mob/plataformas/nintendo_3ds	meristation		amazonPrisa
/7811748/meristation_mob/plataformas/nintendo_64	meristation		amazonPrisa
/7811748/meristation_mob/plataformas/nintendo_ds	meristation		amazonPrisa
/7811748/meristation_mob/plataformas/nintendo_ds/portada	meristation		amazonPrisa
/7811748/meristation_mob/plataformas/nintendo_switch	meristation		amazonPrisa
/7811748/meristation_mob/plataformas/nintendo_wii_u	meristation		amazonPrisa
/7811748/meristation_mob/plataformas/oculus_quest	meristation		amazonPrisa
/7811748/meristation_mob/plataformas/oculus_rift	meristation		amazonPrisa
/7811748/meristation_mob/plataformas/oculus_rift/portada	meristation		amazonPrisa
/7811748/meristation_mob/plataformas/playstation	meristation		amazonPrisa
/7811748/meristation_mob/plataformas/playstation_2	meristation		amazonPrisa
/7811748/meristation_mob/plataformas/playstation_3	meristation		amazonPrisa
/7811748/meristation_mob/plataformas/playstation_4	meristation		amazonPrisa
/7811748/meristation_mob/plataformas/playstation_5	meristation		amazonPrisa
/7811748/meristation_mob/plataformas/playstation_network	meristation		amazonPrisa
/7811748/meristation_mob/plataformas/playstation_portable	meristation		amazonPrisa
/7811748/meristation_mob/plataformas/playstation_vita	meristation		amazonPrisa
/7811748/meristation_mob/plataformas/playstation_vr	meristation		amazonPrisa
/7811748/meristation_mob/plataformas/stadia	meristation		amazonPrisa
/7811748/meristation_mob/plataformas/super_nes	meristation		amazonPrisa
/7811748/meristation_mob/plataformas/virtual_boy	meristation		amazonPrisa
/7811748/meristation_mob/plataformas/wii_nintendo	meristation		amazonPrisa
/7811748/meristation_mob/plataformas/xbox	meristation		amazonPrisa
/7811748/meristation_mob/plataformas/xbox_360	meristation		amazonPrisa
/7811748/meristation_mob/plataformas/xbox_one	meristation		amazonPrisa
/7811748/meristation_mob/plataformas/xbox_one/portada	meristation		amazonPrisa
/7811748/meristation_mob/plataformas/xbox_series_x	meristation		amazonPrisa
/7811748/meristation_mob/portada	meristation		amazonPrisa
/7811748/meristation_mob/reportajes	meristation		amazonPrisa
/7811748/meristation_mob/tags	meristation		amazonPrisa
/7811748/meristation_mob/top	meristation		amazonPrisa
/7811748/meristation_mob/trucos	meristation		amazonPrisa
/7811748/meristation_mob/videos	meristation		amazonPrisa
/7811748/meristation_web/analisis	meristation		amazonPrisa
/7811748/meristation_web/avances	meristation		amazonPrisa
/7811748/meristation_web/buscador	meristation		amazonPrisa
/7811748/meristation_web/demos	meristation		amazonPrisa
/7811748/meristation_web/demos/portada	meristation		amazonPrisa
/7811748/meristation_web/descargas	meristation		amazonPrisa
/7811748/meristation_web/directo	meristation		amazonPrisa
/7811748/meristation_web/empresa	meristation		amazonPrisa
/7811748/meristation_web/empresas	meristation		amazonPrisa
/7811748/meristation_web/estaticos	meristation		amazonPrisa
/7811748/meristation_web/evento	meristation		amazonPrisa
/7811748/meristation_web/eventos	meristation		amazonPrisa
/7811748/meristation_web/guias	meristation		amazonPrisa
/7811748/meristation_web/juego	meristation		amazonPrisa
/7811748/meristation_web/juegos	meristation		amazonPrisa
/7811748/meristation_web/lanzamientos	meristation		amazonPrisa
/7811748/meristation_web/mexico	meristation		amazonPrisa
/7811748/meristation_web/mexico/portada	meristation		amazonPrisa
/7811748/meristation_web/noticias	meristation		amazonPrisa
/7811748/meristation_web/plataformas/android	meristation		amazonPrisa
/7811748/meristation_web/plataformas/arcade	meristation		amazonPrisa
/7811748/meristation_web/plataformas/atari_2600	meristation		amazonPrisa
/7811748/meristation_web/plataformas/chicas_meristation	meristation		amazonPrisa
/7811748/meristation_web/plataformas/cine	meristation		amazonPrisa
/7811748/meristation_web/plataformas/computadora_personal	meristation		amazonPrisa
/7811748/meristation_web/plataformas/deporte_electronico	meristation		amazonPrisa
/7811748/meristation_web/plataformas/dreamcast	meristation		amazonPrisa
/7811748/meristation_web/plataformas/game_boy	meristation		amazonPrisa
/7811748/meristation_web/plataformas/game_boy_advance	meristation		amazonPrisa
/7811748/meristation_web/plataformas/gamecube	meristation		amazonPrisa
/7811748/meristation_web/plataformas/ipad	meristation		amazonPrisa
/7811748/meristation_web/plataformas/mac_os_x	meristation		amazonPrisa
/7811748/meristation_web/plataformas/manga	meristation		amazonPrisa
/7811748/meristation_web/plataformas/msx2	meristation		amazonPrisa
/7811748/meristation_web/plataformas/nintendo_3ds	meristation		amazonPrisa
/7811748/meristation_web/plataformas/nintendo_64	meristation		amazonPrisa
/7811748/meristation_web/plataformas/nintendo_64/portada	meristation		amazonPrisa
/7811748/meristation_web/plataformas/nintendo_ds	meristation		amazonPrisa
/7811748/meristation_web/plataformas/nintendo_switch	meristation		amazonPrisa
/7811748/meristation_web/plataformas/nintendo_wii_u	meristation		amazonPrisa
/7811748/meristation_web/plataformas/oculus_rift	meristation		amazonPrisa
/7811748/meristation_web/plataformas/playstation	meristation		amazonPrisa
/7811748/meristation_web/plataformas/playstation_2	meristation		amazonPrisa
/7811748/meristation_web/plataformas/playstation_3	meristation		amazonPrisa
/7811748/meristation_web/plataformas/playstation_4	meristation		amazonPrisa
/7811748/meristation_web/plataformas/playstation_5	meristation		amazonPrisa
/7811748/meristation_web/plataformas/playstation_5/portada	meristation		amazonPrisa
/7811748/meristation_web/plataformas/playstation_network	meristation		amazonPrisa
/7811748/meristation_web/plataformas/playstation_portable	meristation		amazonPrisa
/7811748/meristation_web/plataformas/playstation_vita	meristation		amazonPrisa
/7811748/meristation_web/plataformas/playstation_vr	meristation		amazonPrisa
/7811748/meristation_web/plataformas/stadia	meristation		amazonPrisa
/7811748/meristation_web/plataformas/super_nes	meristation		amazonPrisa
/7811748/meristation_web/plataformas/xbox_360	meristation		amazonPrisa
/7811748/meristation_web/plataformas/xbox_one	meristation		amazonPrisa
/7811748/meristation_web/plataformas/xbox_series_x	meristation		amazonPrisa
/7811748/meristation_web/plataformas/zx_spectrum	meristation		amazonPrisa
/7811748/meristation_web/podcasts	meristation		amazonPrisa
/7811748/meristation_web/portada	meristation		amazonPrisa
/7811748/meristation_web/reportajes	meristation		amazonPrisa
/7811748/meristation_web/tags	meristation		amazonPrisa
/7811748/meristation_web/top	meristation		amazonPrisa
/7811748/meristation_web/trucos	meristation		amazonPrisa
/7811748/meristation_web/videos	meristation		amazonPrisa
dummySlot	sin identificar		amazonPrisa
prisa-argentina_tikitakas-mob-display-mldb1	as_tikitakas		amazonPrisa
prisa-argentina_tikitakas-mob-display-mpu1	as_tikitakas		amazonPrisa
prisa-argentina_tikitakas-mob-display-sticky	as_tikitakas		amazonPrisa
prisa-argentina-mob-display-ldb1	as		amazonPrisa
prisa-argentina-mob-display-mldb1	as		amazonPrisa
prisa-argentina-mob-display-mldb2	as		amazonPrisa
prisa-argentina-mob-display-mpu1	as		amazonPrisa
prisa-argentina-mob-display-mpu2	as		amazonPrisa
prisa-argentina-mob-display-sticky	as		amazonPrisa
prisa-argentina-web-display-ldb1	as		amazonPrisa
prisa-argentina-web-display-mpu1	as		amazonPrisa
prisa-argentina-web-display-mpu2	as		amazonPrisa
prisa-as_argentina-mob-display-4	as		amazonPrisa
prisa-as_argentina-mob-display-5	as		amazonPrisa
prisa-as_argentina-mob-display-ldb1	as		amazonPrisa
prisa-as_argentina-mob-display-ldb2	as		amazonPrisa
prisa-as_argentina-mob-display-ldb3	as		amazonPrisa
prisa-as_argentina-mob-display-ldb4	as		amazonPrisa
prisa-as_argentina-mob-display-ldb5	as		amazonPrisa
prisa-as_argentina-mob-display-mldb1	as		amazonPrisa
prisa-as_argentina-mob-display-mldb2	as		amazonPrisa
prisa-as_argentina-mob-display-mldb3	as		amazonPrisa
prisa-as_argentina-mob-display-mldb4	as		amazonPrisa
prisa-as_argentina-mob-display-mldb5	as		amazonPrisa
prisa-as_argentina-mob-display-mpu1	as		amazonPrisa
prisa-as_argentina-mob-display-mpu2	as		amazonPrisa
prisa-as_argentina-mob-display-mpu3	as		amazonPrisa
prisa-as_argentina-mob-display-mpu4	as		amazonPrisa
prisa-as_argentina-mob-display-mpu5	as		amazonPrisa
prisa-as_argentina-mob-display-sticky	as		amazonPrisa
prisa-as_argentina-web-display-5	as		amazonPrisa
prisa-as_argentina-web-display-ldb1	as		amazonPrisa
prisa-as_argentina-web-display-ldb2	as		amazonPrisa
prisa-as_argentina-web-display-ldb3	as		amazonPrisa
prisa-as_argentina-web-display-ldb4	as		amazonPrisa
prisa-as_argentina-web-display-ldb5	as		amazonPrisa
prisa-as_argentina-web-display-mldb1	as		amazonPrisa
prisa-as_argentina-web-display-mldb2	as		amazonPrisa
prisa-as_argentina-web-display-mldb3	as		amazonPrisa
prisa-as_argentina-web-display-mldb4	as		amazonPrisa
prisa-as_argentina-web-display-mldb5	as		amazonPrisa
prisa-as_argentina-web-display-mpu1	as		amazonPrisa
prisa-as_argentina-web-display-mpu2	as		amazonPrisa
prisa-as_argentina-web-display-mpu3	as		amazonPrisa
prisa-as_argentina-web-display-mpu4	as		amazonPrisa
prisa-as_argentina-web-display-mpu5	as		amazonPrisa
prisa-as_argentina-web-display-sticky	as		amazonPrisa
prisa-as_baloncesto-mob-display-mldb1	as_baloncesto		amazonPrisa
prisa-as_baloncesto-mob-display-mldb2	as_baloncesto		amazonPrisa
prisa-as_baloncesto-mob-display-mpu1	as_baloncesto		amazonPrisa
prisa-as_baloncesto-mob-display-mpu2	as_baloncesto		amazonPrisa
prisa-as_baloncesto-mob-display-mpu3	as_baloncesto		amazonPrisa
prisa-as_baloncesto-mob-display-sticky	as_baloncesto		amazonPrisa
prisa-as_betech-mob-display-5	as_betech		amazonPrisa
prisa-as_betech-mob-display-ldb1	as_betech		amazonPrisa
prisa-as_betech-mob-display-ldb2	as_betech		amazonPrisa
prisa-as_betech-mob-display-mldb1	as_betech		amazonPrisa
prisa-as_betech-mob-display-mldb2	as_betech		amazonPrisa
prisa-as_betech-mob-display-mpu1	as_betech		amazonPrisa
prisa-as_betech-mob-display-mpu2	as_betech		amazonPrisa
prisa-as_betech-mob-display-mpu3	as_betech		amazonPrisa
prisa-as_betech-mob-display-mpu4	as_betech		amazonPrisa
prisa-as_betech-mob-display-mpu5	as_betech		amazonPrisa
prisa-as_betech-mob-display-sticky	as_betech		amazonPrisa
prisa-as_betech-web-display-5	as_betech		amazonPrisa
prisa-as_betech-web-display-ldb1	as_betech		amazonPrisa
prisa-as_betech-web-display-ldb2	as_betech		amazonPrisa
prisa-as_betech-web-display-mldb1	as_betech		amazonPrisa
prisa-as_betech-web-display-mldb2	as_betech		amazonPrisa
prisa-as_betech-web-display-mpu1	as_betech		amazonPrisa
prisa-as_betech-web-display-mpu2	as_betech		amazonPrisa
prisa-as_betech-web-display-mpu3	as_betech		amazonPrisa
prisa-as_betech-web-display-mpu4	as_betech		amazonPrisa
prisa-as_betech-web-display-mpu5	as_betech		amazonPrisa
prisa-as_buenavida-mob-display-ldb1	as_buenavida		amazonPrisa
prisa-as_buenavida-mob-display-mldb1	as_buenavida		amazonPrisa
prisa-as_buenavida-mob-display-mpu1	as_buenavida		amazonPrisa
prisa-as_buenavida-mob-display-mpu2	as_buenavida		amazonPrisa
prisa-as_buenavida-mob-display-mpu3	as_buenavida		amazonPrisa
prisa-as_buenavida-mob-display-sticky	as_buenavida		amazonPrisa
prisa-as_buenavida-web-display-ldb1	as_buenavida		amazonPrisa
prisa-as_buenavida-web-display-mldb1	as_buenavida		amazonPrisa
prisa-as_buenavida-web-display-mpu1	as_buenavida		amazonPrisa
prisa-as_buenavida-web-display-mpu2	as_buenavida		amazonPrisa
prisa-as_chile-mob-display-5	as		amazonPrisa
prisa-as_chile-mob-display-ldb1	as		amazonPrisa
prisa-as_chile-mob-display-ldb2	as		amazonPrisa
prisa-as_chile-mob-display-ldb3	as		amazonPrisa
prisa-as_chile-mob-display-ldb4	as		amazonPrisa
prisa-as_chile-mob-display-ldb5	as		amazonPrisa
prisa-as_chile-mob-display-mldb1	as		amazonPrisa
prisa-as_chile-mob-display-mldb2	as		amazonPrisa
prisa-as_chile-mob-display-mldb3	as		amazonPrisa
prisa-as_chile-mob-display-mldb4	as		amazonPrisa
prisa-as_chile-mob-display-mldb5	as		amazonPrisa
prisa-as_chile-mob-display-mpu1	as		amazonPrisa
prisa-as_chile-mob-display-mpu2	as		amazonPrisa
prisa-as_chile-mob-display-mpu3	as		amazonPrisa
prisa-as_chile-mob-display-mpu4	as		amazonPrisa
prisa-as_chile-mob-display-mpu5	as		amazonPrisa
prisa-as_chile-mob-display-sticky	as		amazonPrisa
prisa-as_chile-web-display-5	as		amazonPrisa
prisa-as_chile-web-display-ldb1	as		amazonPrisa
prisa-as_chile-web-display-ldb2	as		amazonPrisa
prisa-as_chile-web-display-ldb3	as		amazonPrisa
prisa-as_chile-web-display-ldb4	as		amazonPrisa
prisa-as_chile-web-display-ldb5	as		amazonPrisa
prisa-as_chile-web-display-mldb1	as		amazonPrisa
prisa-as_chile-web-display-mldb2	as		amazonPrisa
prisa-as_chile-web-display-mldb3	as		amazonPrisa
prisa-as_chile-web-display-mldb4	as		amazonPrisa
prisa-as_chile-web-display-mldb5	as		amazonPrisa
prisa-as_chile-web-display-mpu1	as		amazonPrisa
prisa-as_chile-web-display-mpu2	as_epik		amazonPrisa
prisa-as_chile-web-display-mpu3	as		amazonPrisa
prisa-as_chile-web-display-mpu4	as		amazonPrisa
prisa-as_chile-web-display-mpu5	as		amazonPrisa
prisa-as_chile-web-display-sticky	as		amazonPrisa
prisa-as_ciencia-mob-display-ldb1	as		amazonPrisa
prisa-as_ciencia-mob-display-ldb2	as		amazonPrisa
prisa-as_ciencia-mob-display-mldb1	as		amazonPrisa
prisa-as_ciencia-mob-display-mldb2	as		amazonPrisa
prisa-as_ciencia-mob-display-mpu1	as		amazonPrisa
prisa-as_ciencia-mob-display-mpu2	as		amazonPrisa
prisa-as_ciencia-mob-display-mpu3	as		amazonPrisa
prisa-as_ciencia-mob-display-sticky	as		amazonPrisa
prisa-as_ciencia-web-display-ldb1	as		amazonPrisa
prisa-as_ciencia-web-display-ldb2	as		amazonPrisa
prisa-as_ciencia-web-display-mpu1	as		amazonPrisa
prisa-as_ciencia-web-display-mpu2	as		amazonPrisa
prisa-as_ciencia-web-display-mpu3	as		amazonPrisa
prisa-as_colombia-mob-display-5	as		amazonPrisa
prisa-as_colombia-mob-display-ldb1	as		amazonPrisa
prisa-as_colombia-mob-display-ldb2	as		amazonPrisa
prisa-as_colombia-mob-display-ldb3	as		amazonPrisa
prisa-as_colombia-mob-display-ldb4	as		amazonPrisa
prisa-as_colombia-mob-display-ldb5	as		amazonPrisa
prisa-as_colombia-mob-display-mldb1	as		amazonPrisa
prisa-as_colombia-mob-display-mldb2	as		amazonPrisa
prisa-as_colombia-mob-display-mldb3	as		amazonPrisa
prisa-as_colombia-mob-display-mldb4	as		amazonPrisa
prisa-as_colombia-mob-display-mldb5	as		amazonPrisa
prisa-as_colombia-mob-display-mpu1	as		amazonPrisa
prisa-as_colombia-mob-display-mpu2	as		amazonPrisa
prisa-as_colombia-mob-display-mpu3	as		amazonPrisa
prisa-as_colombia-mob-display-mpu4	as		amazonPrisa
prisa-as_colombia-mob-display-mpu5	as		amazonPrisa
prisa-as_colombia-mob-display-sticky	as		amazonPrisa
prisa-as_colombia-web-display-5	as		amazonPrisa
prisa-as_colombia-web-display-ldb1	as		amazonPrisa
prisa-as_colombia-web-display-ldb2	as		amazonPrisa
prisa-as_colombia-web-display-ldb3	as		amazonPrisa
prisa-as_colombia-web-display-ldb4	as		amazonPrisa
prisa-as_colombia-web-display-ldb5	as		amazonPrisa
prisa-as_colombia-web-display-mldb1	as		amazonPrisa
prisa-as_colombia-web-display-mldb2	as		amazonPrisa
prisa-as_colombia-web-display-mldb3	as		amazonPrisa
prisa-as_colombia-web-display-mldb4	as		amazonPrisa
prisa-as_colombia-web-display-mldb5	as		amazonPrisa
prisa-as_colombia-web-display-mpu1	as		amazonPrisa
prisa-as_colombia-web-display-mpu2	as		amazonPrisa
prisa-as_colombia-web-display-mpu3	as		amazonPrisa
prisa-as_colombia-web-display-mpu4	as		amazonPrisa
prisa-as_colombia-web-display-mpu5	as		amazonPrisa
prisa-as_colombia-web-display-sticky	as		amazonPrisa
prisa-as_economia-mob-display-ldb1	as		amazonPrisa
prisa-as_economia-mob-display-ldb2	as		amazonPrisa
prisa-as_economia-mob-display-mldb1	as		amazonPrisa
prisa-as_economia-mob-display-mldb2	as		amazonPrisa
prisa-as_economia-mob-display-mpu1	as		amazonPrisa
prisa-as_economia-mob-display-mpu2	as		amazonPrisa
prisa-as_economia-mob-display-mpu3	as		amazonPrisa
prisa-as_economia-mob-display-sticky	as		amazonPrisa
prisa-as_economia-web-display-ldb1	as		amazonPrisa
prisa-as_economia-web-display-ldb2	as		amazonPrisa
prisa-as_economia-web-display-mpu1	as		amazonPrisa
prisa-as_economia-web-display-mpu2	as		amazonPrisa
prisa-as_economia-web-display-mpu3	as		amazonPrisa
prisa-as_en-mob-display-4	as		amazonPrisa
prisa-as_en-mob-display-5	as		amazonPrisa
prisa-as_en-mob-display-ldb1	as		amazonPrisa
prisa-as_en-mob-display-ldb2	as		amazonPrisa
prisa-as_en-mob-display-ldb3	as		amazonPrisa
prisa-as_en-mob-display-ldb4	as		amazonPrisa
prisa-as_en-mob-display-ldb5	as		amazonPrisa
prisa-as_en-mob-display-mldb1	as		amazonPrisa
prisa-as_en-mob-display-mldb2	as		amazonPrisa
prisa-as_en-mob-display-mldb3	as		amazonPrisa
prisa-as_en-mob-display-mldb4	as		amazonPrisa
prisa-as_en-mob-display-mldb5	as		amazonPrisa
prisa-as_en-mob-display-mpu1	as		amazonPrisa
prisa-as_en-mob-display-mpu2	as		amazonPrisa
prisa-as_en-mob-display-mpu3	as		amazonPrisa
prisa-as_en-mob-display-mpu4	as		amazonPrisa
prisa-as_en-mob-display-mpu5	as		amazonPrisa
prisa-as_en-mob-display-sticky	as		amazonPrisa
prisa-as_en-web-display-4	as		amazonPrisa
prisa-as_en-web-display-5	as		amazonPrisa
prisa-as_en-web-display-ldb1	as		amazonPrisa
prisa-as_en-web-display-ldb2	as		amazonPrisa
prisa-as_en-web-display-ldb3	as		amazonPrisa
prisa-as_en-web-display-ldb4	as		amazonPrisa
prisa-as_en-web-display-ldb5	as		amazonPrisa
prisa-as_en-web-display-mldb1	as		amazonPrisa
prisa-as_en-web-display-mldb2	as		amazonPrisa
prisa-as_en-web-display-mldb5	as		amazonPrisa
prisa-as_en-web-display-mpu1	as		amazonPrisa
prisa-as_en-web-display-mpu2	as		amazonPrisa
prisa-as_en-web-display-mpu3	as		amazonPrisa
prisa-as_en-web-display-mpu4	as		amazonPrisa
prisa-as_en-web-display-mpu5	as		amazonPrisa
prisa-as_en-web-display-sticky	as		amazonPrisa
prisa-as_epik-mob-display-ldb1	as_epik		amazonPrisa
prisa-as_epik-mob-display-ldb2	as_epik		amazonPrisa
prisa-as_epik-mob-display-mldb1	as_epik		amazonPrisa
prisa-as_epik-mob-display-mldb2	as_epik		amazonPrisa
prisa-as_epik-mob-display-mpu1	as_epik		amazonPrisa
prisa-as_epik-mob-display-mpu2	as_epik		amazonPrisa
prisa-as_epik-mob-display-mpu3	as_epik		amazonPrisa
prisa-as_epik-mob-display-mpu4	as_epik		amazonPrisa
prisa-as_epik-mob-display-mpu5	as_epik		amazonPrisa
prisa-as_epik-mob-display-sticky	as_epik		amazonPrisa
prisa-as_epik-web-display-ldb1	as_epik		amazonPrisa
prisa-as_epik-web-display-ldb2	as_epik		amazonPrisa
prisa-as_epik-web-display-mldb1	as_epik		amazonPrisa
prisa-as_epik-web-display-mldb2	as_epik		amazonPrisa
prisa-as_epik-web-display-mpu1	as_epik		amazonPrisa
prisa-as_epik-web-display-mpu2	as_epik		amazonPrisa
prisa-as_epik-web-display-mpu3	as_epik		amazonPrisa
prisa-as_epik-web-display-mpu4	as_epik		amazonPrisa
prisa-as_epik-web-display-mpu5	as_epik		amazonPrisa
prisa-as_epik-web-display-sticky	as_epik		amazonPrisa
prisa-as_futbol-mob-display-ldb1	as_futbol		amazonPrisa
prisa-as_futbol-mob-display-ldb2	as_futbol		amazonPrisa
prisa-as_futbol-mob-display-mpu1	as_futbol		amazonPrisa
prisa-as_futbol-mob-display-mpu2	as_futbol		amazonPrisa
prisa-as_futbol-mob-display-mpu3	as_futbol		amazonPrisa
prisa-as_futbol-mob-display-sticky	as_futbol		amazonPrisa
prisa-as_futbol-web-display-mpu1	as_futbol		amazonPrisa
prisa-as_futbol-web-display-sticky	as_futbol		amazonPrisa
prisa-as_int-web-display-ldb1	as		amazonPrisa
prisa-as_int-web-display-ldb2	as		amazonPrisa
prisa-as_int-web-display-mpu1	as		amazonPrisa
prisa-as_juegos-mob-display-ldb1	as_juegos		amazonPrisa
prisa-as_juegos-mob-display-ldb2	as_juegos		amazonPrisa
prisa-as_juegos-mob-display-ldb4	as_juegos		amazonPrisa
prisa-as_juegos-mob-display-ldb5	as_juegos		amazonPrisa
prisa-as_juegos-mob-display-mldb1	as_juegos		amazonPrisa
prisa-as_juegos-mob-display-mldb2	as_juegos		amazonPrisa
prisa-as_juegos-mob-display-mldb4	as_juegos		amazonPrisa
prisa-as_juegos-mob-display-mldb5	as_juegos		amazonPrisa
prisa-as_juegos-mob-display-mpu1	as_juegos		amazonPrisa
prisa-as_juegos-mob-display-mpu2	as_juegos		amazonPrisa
prisa-as_juegos-mob-display-mpu3	as_juegos		amazonPrisa
prisa-as_juegos-mob-display-mpu4	as_juegos		amazonPrisa
prisa-as_juegos-mob-display-mpu5	as_juegos		amazonPrisa
prisa-as_juegos-mob-display-sticky	as_juegos		amazonPrisa
prisa-as_juegos-web-display-ldb1	as_juegos		amazonPrisa
prisa-as_juegos-web-display-ldb2	as_juegos		amazonPrisa
prisa-as_juegos-web-display-ldb4	as_juegos		amazonPrisa
prisa-as_juegos-web-display-ldb5	as_juegos		amazonPrisa
prisa-as_juegos-web-display-mldb1	as_juegos		amazonPrisa
prisa-as_juegos-web-display-mldb2	as_juegos		amazonPrisa
prisa-as_juegos-web-display-mldb5	as_juegos		amazonPrisa
prisa-as_juegos-web-display-mpu1	as_juegos		amazonPrisa
prisa-as_juegos-web-display-mpu2	as_juegos		amazonPrisa
prisa-as_juegos-web-display-mpu3	as_juegos		amazonPrisa
prisa-as_juegos-web-display-mpu4	as_juegos		amazonPrisa
prisa-as_juegos-web-display-mpu5	as_juegos		amazonPrisa
prisa-as_juegos-web-display-sticky	as_juegos		amazonPrisa
prisa-as_meristation-mob-display-ldb1	meristation		amazonPrisa
prisa-as_meristation-mob-display-ldb2	meristation		amazonPrisa
prisa-as_meristation-mob-display-mldb1	meristation		amazonPrisa
prisa-as_meristation-mob-display-mldb2	meristation		amazonPrisa
prisa-as_meristation-mob-display-mpu1	meristation		amazonPrisa
prisa-as_meristation-mob-display-mpu2	meristation		amazonPrisa
prisa-as_meristation-mob-display-mpu3	meristation		amazonPrisa
prisa-as_meristation-mob-display-mpu4	meristation		amazonPrisa
prisa-as_meristation-mob-display-mpu5	meristation		amazonPrisa
prisa-as_meristation-mob-display-sticky	meristation		amazonPrisa
prisa-as_meristation-web-display-ldb1	meristation		amazonPrisa
prisa-as_meristation-web-display-ldb2	meristation		amazonPrisa
prisa-as_meristation-web-display-mldb1	meristation		amazonPrisa
prisa-as_meristation-web-display-mldb2	meristation		amazonPrisa
prisa-as_meristation-web-display-mpu1	meristation		amazonPrisa
prisa-as_meristation-web-display-mpu2	meristation		amazonPrisa
prisa-as_meristation-web-display-mpu3	meristation		amazonPrisa
prisa-as_meristation-web-display-mpu4	meristation		amazonPrisa
prisa-as_meristation-web-display-mpu5	meristation		amazonPrisa
prisa-as_mexico-mob-display-5	as		amazonPrisa
prisa-as_mexico-mob-display-ldb1	as		amazonPrisa
prisa-as_mexico-mob-display-ldb2	as		amazonPrisa
prisa-as_mexico-mob-display-ldb3	as		amazonPrisa
prisa-as_mexico-mob-display-ldb5	as		amazonPrisa
prisa-as_mexico-mob-display-mldb1	as		amazonPrisa
prisa-as_mexico-mob-display-mldb2	as		amazonPrisa
prisa-as_mexico-mob-display-mldb3	as		amazonPrisa
prisa-as_mexico-mob-display-mldb5	as		amazonPrisa
prisa-as_mexico-mob-display-mpu1	as		amazonPrisa
prisa-as_mexico-mob-display-mpu2	as		amazonPrisa
prisa-as_mexico-mob-display-mpu3	as		amazonPrisa
prisa-as_mexico-mob-display-mpu4	as		amazonPrisa
prisa-as_mexico-mob-display-mpu5	as		amazonPrisa
prisa-as_mexico-mob-display-sticky	as		amazonPrisa
prisa-as_mexico-web-display-4	as		amazonPrisa
prisa-as_mexico-web-display-5	as		amazonPrisa
prisa-as_mexico-web-display-ldb1	as		amazonPrisa
prisa-as_mexico-web-display-ldb2	as		amazonPrisa
prisa-as_mexico-web-display-ldb3	as		amazonPrisa
prisa-as_mexico-web-display-ldb5	as		amazonPrisa
prisa-as_mexico-web-display-mldb1	as		amazonPrisa
prisa-as_mexico-web-display-mldb2	as		amazonPrisa
prisa-as_mexico-web-display-mldb3	as		amazonPrisa
prisa-as_mexico-web-display-mldb5	as		amazonPrisa
prisa-as_mexico-web-display-mpu1	as		amazonPrisa
prisa-as_mexico-web-display-mpu2	as		amazonPrisa
prisa-as_mexico-web-display-mpu3	as		amazonPrisa
prisa-as_mexico-web-display-mpu4	as		amazonPrisa
prisa-as_mexico-web-display-mpu5	as		amazonPrisa
prisa-as_mexico-web-display-sticky	as		amazonPrisa
prisa-as_motor-mob-display-mldb1	as_motor		amazonPrisa
prisa-as_motor-mob-display-mldb2	as_motor		amazonPrisa
prisa-as_motor-mob-display-mpu1	as_motor		amazonPrisa
prisa-as_motor-mob-display-mpu2	as_motor		amazonPrisa
prisa-as_motor-mob-display-mpu3	as_motor		amazonPrisa
prisa-as_motor-mob-display-sticky	as_motor		amazonPrisa
prisa-as_motor-web-display-ldb1	as_motor		amazonPrisa
prisa-as_motor-web-display-mpu1	as_motor		amazonPrisa
prisa-as_motor-web-display-mpu2	as_motor		amazonPrisa
prisa-as_nba-mob-display-5	as_nba		amazonPrisa
prisa-as_nba-mob-display-ldb1	as_nba		amazonPrisa
prisa-as_nba-mob-display-ldb2	as_nba		amazonPrisa
prisa-as_nba-mob-display-mldb1	as_nba		amazonPrisa
prisa-as_nba-mob-display-mldb2	as_nba		amazonPrisa
prisa-as_nba-mob-display-mpu1	as_nba		amazonPrisa
prisa-as_nba-mob-display-mpu2	as_nba		amazonPrisa
prisa-as_nba-mob-display-mpu3	as_nba		amazonPrisa
prisa-as_nba-mob-display-mpu4	as_nba		amazonPrisa
prisa-as_nba-mob-display-mpu5	as_nba		amazonPrisa
prisa-as_nba-mob-display-sticky	as_nba		amazonPrisa
prisa-as_nba-web-display-5	as_nba		amazonPrisa
prisa-as_nba-web-display-ldb1	as_nba		amazonPrisa
prisa-as_nba-web-display-ldb2	as_nba		amazonPrisa
prisa-as_nba-web-display-mldb1	as_nba		amazonPrisa
prisa-as_nba-web-display-mldb2	as_nba		amazonPrisa
prisa-as_nba-web-display-mpu1	as_nba		amazonPrisa
prisa-as_nba-web-display-mpu2	as_nba		amazonPrisa
prisa-as_nba-web-display-mpu3	as_nba		amazonPrisa
prisa-as_nba-web-display-mpu4	as_nba		amazonPrisa
prisa-as_nba-web-display-mpu5	as_nba		amazonPrisa
prisa-as_nba-web-display-sticky	as_nba		amazonPrisa
prisa-as_peru-mob-display-5	as		amazonPrisa
prisa-as_peru-mob-display-ldb1	as		amazonPrisa
prisa-as_peru-mob-display-ldb2	as		amazonPrisa
prisa-as_peru-mob-display-ldb3	as		amazonPrisa
prisa-as_peru-mob-display-ldb4	as		amazonPrisa
prisa-as_peru-mob-display-ldb5	as		amazonPrisa
prisa-as_peru-mob-display-mldb1	as		amazonPrisa
prisa-as_peru-mob-display-mldb2	as		amazonPrisa
prisa-as_peru-mob-display-mldb3	as		amazonPrisa
prisa-as_peru-mob-display-mldb4	as		amazonPrisa
prisa-as_peru-mob-display-mldb5	as		amazonPrisa
prisa-as_peru-mob-display-mpu1	as		amazonPrisa
prisa-as_peru-mob-display-mpu2	as		amazonPrisa
prisa-as_peru-mob-display-mpu3	as		amazonPrisa
prisa-as_peru-mob-display-mpu4	as		amazonPrisa
prisa-as_peru-mob-display-mpu5	as		amazonPrisa
prisa-as_peru-mob-display-sticky	as		amazonPrisa
prisa-as_peru-web-display-5	as		amazonPrisa
prisa-as_peru-web-display-ldb1	as		amazonPrisa
prisa-as_peru-web-display-ldb2	as		amazonPrisa
prisa-as_peru-web-display-ldb3	as		amazonPrisa
prisa-as_peru-web-display-ldb4	as		amazonPrisa
prisa-as_peru-web-display-ldb5	as		amazonPrisa
prisa-as_peru-web-display-mldb1	as		amazonPrisa
prisa-as_peru-web-display-mldb2	as		amazonPrisa
prisa-as_peru-web-display-mldb3	as		amazonPrisa
prisa-as_peru-web-display-mldb4	as		amazonPrisa
prisa-as_peru-web-display-mldb5	as		amazonPrisa
prisa-as_peru-web-display-mpu1	as		amazonPrisa
prisa-as_peru-web-display-mpu2	as		amazonPrisa
prisa-as_peru-web-display-mpu3	as		amazonPrisa
prisa-as_peru-web-display-mpu4	as		amazonPrisa
prisa-as_peru-web-display-mpu5	as		amazonPrisa
prisa-as_peru-web-display-sticky	as		amazonPrisa
prisa-as_resultados-mob-display-ldb1	as_resultados		amazonPrisa
prisa-as_resultados-mob-display-ldb2	as_resultados		amazonPrisa
prisa-as_resultados-mob-display-mldb1	as_resultados		amazonPrisa
prisa-as_resultados-mob-display-mldb2	as_resultados		amazonPrisa
prisa-as_resultados-mob-display-mpu1	as_resultados		amazonPrisa
prisa-as_resultados-mob-display-mpu2	as_resultados		amazonPrisa
prisa-as_resultados-mob-display-mpu3	as_resultados		amazonPrisa
prisa-as_resultados-mob-display-mpu4	as_resultados		amazonPrisa
prisa-as_resultados-mob-display-mpu5	as_resultados		amazonPrisa
prisa-as_resultados-mob-display-sticky	as_resultados		amazonPrisa
prisa-as_resultados-web-display-ldb1	as_resultados		amazonPrisa
prisa-as_resultados-web-display-ldb2	as_resultados		amazonPrisa
prisa-as_resultados-web-display-mldb1	as_resultados		amazonPrisa
prisa-as_resultados-web-display-mldb2	as_resultados		amazonPrisa
prisa-as_resultados-web-display-mpu1	as_resultados		amazonPrisa
prisa-as_resultados-web-display-mpu2	as_resultados		amazonPrisa
prisa-as_resultados-web-display-mpu3	as_resultados		amazonPrisa
prisa-as_resultados-web-display-mpu4	as_resultados		amazonPrisa
prisa-as_resultados-web-display-mpu5	as_resultados		amazonPrisa
prisa-as_resultados-web-display-sticky	as_resultados		amazonPrisa
prisa-as_results-web-display-ldb1	as		amazonPrisa
prisa-as_results-web-display-ldb2	as		amazonPrisa
prisa-as_results-web-display-mpu1	as		amazonPrisa
prisa-as_sa-mob-display-mpu1	as		amazonPrisa
prisa-as_sa-mob-display-mpu2	as		amazonPrisa
prisa-as_sa-mob-display-mpu5	as		amazonPrisa
prisa-as_sa-web-display-5	as		amazonPrisa
prisa-as_sa-web-display-ldb1	as		amazonPrisa
prisa-as_sa-web-display-ldb2	as		amazonPrisa
prisa-as_sa-web-display-mpu1	as		amazonPrisa
prisa-as_sa-web-display-mpu2	as		amazonPrisa
prisa-as_sa-web-display-mpu3	as		amazonPrisa
prisa-as_sa-web-display-mpu4	as		amazonPrisa
prisa-as_sa-web-display-mpu5	as		amazonPrisa
prisa-as_sa-web-display-sticky	as		amazonPrisa
prisa-as_servicios-mob-display-ldb1	as		amazonPrisa
prisa-as_servicios-mob-display-ldb2	as		amazonPrisa
prisa-as_servicios-mob-display-mldb1	as		amazonPrisa
prisa-as_servicios-mob-display-mldb2	as		amazonPrisa
prisa-as_servicios-mob-display-mpu1	as		amazonPrisa
prisa-as_servicios-mob-display-mpu2	as		amazonPrisa
prisa-as_servicios-mob-display-sticky	as		amazonPrisa
prisa-as_servicios-web-display-ldb1	as		amazonPrisa
prisa-as_servicios-web-display-ldb2	as		amazonPrisa
prisa-as_servicios-web-display-mldb1	as		amazonPrisa
prisa-as_servicios-web-display-mpu1	as		amazonPrisa
prisa-as_servicios-web-display-mpu2	as		amazonPrisa
prisa-as_servicios-web-display-sticky	as		amazonPrisa
prisa-as_tikitakas-mob-display-5	as_tikitakas		amazonPrisa
prisa-as_tikitakas-mob-display-ldb1	as_tikitakas		amazonPrisa
prisa-as_tikitakas-mob-display-ldb2	as_tikitakas		amazonPrisa
prisa-as_tikitakas-mob-display-mldb1	as_tikitakas		amazonPrisa
prisa-as_tikitakas-mob-display-mldb2	as_tikitakas		amazonPrisa
prisa-as_tikitakas-mob-display-mpu1	as_tikitakas		amazonPrisa
prisa-as_tikitakas-mob-display-mpu2	as_tikitakas		amazonPrisa
prisa-as_tikitakas-mob-display-mpu3	as_tikitakas		amazonPrisa
prisa-as_tikitakas-mob-display-mpu4	as_tikitakas		amazonPrisa
prisa-as_tikitakas-mob-display-mpu5	as_tikitakas		amazonPrisa
prisa-as_tikitakas-mob-display-sticky	as_tikitakas		amazonPrisa
prisa-as_tikitakas-web-display-5	as_tikitakas		amazonPrisa
prisa-as_tikitakas-web-display-ldb1	as_tikitakas		amazonPrisa
prisa-as_tikitakas-web-display-ldb2	as_tikitakas		amazonPrisa
prisa-as_tikitakas-web-display-mldb1	as_tikitakas		amazonPrisa
prisa-as_tikitakas-web-display-mldb2	as_tikitakas		amazonPrisa
prisa-as_tikitakas-web-display-mpu1	as_tikitakas		amazonPrisa
prisa-as_tikitakas-web-display-mpu2	as_tikitakas		amazonPrisa
prisa-as_tikitakas-web-display-mpu3	as_tikitakas		amazonPrisa
prisa-as_tikitakas-web-display-mpu4	as_tikitakas		amazonPrisa
prisa-as_tikitakas-web-display-mpu5	as_tikitakas		amazonPrisa
prisa-as_tikitakas-web-display-sticky	as_tikitakas		amazonPrisa
prisa-as_us-mob-display-5	as		amazonPrisa
prisa-as_us-mob-display-ldb1	as		amazonPrisa
prisa-as_us-mob-display-ldb2	as		amazonPrisa
prisa-as_us-mob-display-ldb3	as		amazonPrisa
prisa-as_us-mob-display-ldb4	as		amazonPrisa
prisa-as_us-mob-display-ldb5	as		amazonPrisa
prisa-as_us-mob-display-mldb1	as		amazonPrisa
prisa-as_us-mob-display-mldb2	as		amazonPrisa
prisa-as_us-mob-display-mldb3	as		amazonPrisa
prisa-as_us-mob-display-mldb4	as		amazonPrisa
prisa-as_us-mob-display-mldb5	as		amazonPrisa
prisa-as_us-mob-display-mpu1	as		amazonPrisa
prisa-as_us-mob-display-mpu2	as		amazonPrisa
prisa-as_us-mob-display-mpu3	as		amazonPrisa
prisa-as_us-mob-display-mpu4	as		amazonPrisa
prisa-as_us-mob-display-mpu5	as		amazonPrisa
prisa-as_us-mob-display-sticky	as		amazonPrisa
prisa-as_us-web-display-5	as		amazonPrisa
prisa-as_us-web-display-ldb1	as		amazonPrisa
prisa-as_us-web-display-ldb2	as		amazonPrisa
prisa-as_us-web-display-ldb3	as		amazonPrisa
prisa-as_us-web-display-ldb4	as		amazonPrisa
prisa-as_us-web-display-ldb5	as		amazonPrisa
prisa-as_us-web-display-mldb1	as		amazonPrisa
prisa-as_us-web-display-mldb2	as		amazonPrisa
prisa-as_us-web-display-mldb3	as		amazonPrisa
prisa-as_us-web-display-mldb4	as		amazonPrisa
prisa-as_us-web-display-mldb5	as		amazonPrisa
prisa-as_us-web-display-mpu1	as		amazonPrisa
prisa-as_us-web-display-mpu2	as		amazonPrisa
prisa-as_us-web-display-mpu3	as		amazonPrisa
prisa-as_us-web-display-mpu4	as		amazonPrisa
prisa-as_us-web-display-mpu5	as		amazonPrisa
prisa-as_us-web-display-sticky	as		amazonPrisa
prisa-as-mob-display-4	as		amazonPrisa
prisa-as-mob-display-5	as		amazonPrisa
prisa-as-mob-display-ldb1	as		amazonPrisa
prisa-as-mob-display-ldb2	as		amazonPrisa
prisa-as-mob-display-ldb3	as		amazonPrisa
prisa-as-mob-display-ldb4	as		amazonPrisa
prisa-as-mob-display-ldb5	as		amazonPrisa
prisa-as-mob-display-mldb1	as		amazonPrisa
prisa-as-mob-display-mldb2	as		amazonPrisa
prisa-as-mob-display-mldb3	as		amazonPrisa
prisa-as-mob-display-mldb4	as		amazonPrisa
prisa-as-mob-display-mldb5	as		amazonPrisa
prisa-as-mob-display-mpu1	as		amazonPrisa
prisa-as-mob-display-mpu2	as		amazonPrisa
prisa-as-mob-display-mpu3	as		amazonPrisa
prisa-as-mob-display-mpu4	as		amazonPrisa
prisa-as-mob-display-mpu5	as		amazonPrisa
prisa-as-mob-display-sticky	as		amazonPrisa
prisa-as-mob-display-sticky5	as		amazonPrisa
prisa-as-mob-display-undefined	as		amazonPrisa
prisa-as-web-display-4	as		amazonPrisa
prisa-as-web-display-5	as		amazonPrisa
prisa-as-web-display-ldb1	as		amazonPrisa
prisa-as-web-display-ldb2	as		amazonPrisa
prisa-as-web-display-ldb3	as		amazonPrisa
prisa-as-web-display-ldb4	as		amazonPrisa
prisa-as-web-display-ldb5	as		amazonPrisa
prisa-as-web-display-mldb1	as		amazonPrisa
prisa-as-web-display-mldb2	as		amazonPrisa
prisa-as-web-display-mldb3	as		amazonPrisa
prisa-as-web-display-mldb4	as		amazonPrisa
prisa-as-web-display-mldb5	as		amazonPrisa
prisa-as-web-display-mpu1	as		amazonPrisa
prisa-as-web-display-mpu2	as		amazonPrisa
prisa-as-web-display-mpu3	as		amazonPrisa
prisa-as-web-display-mpu4	as		amazonPrisa
prisa-as-web-display-mpu5	as		amazonPrisa
prisa-as-web-display-sticky	as		amazonPrisa
prisa-cadenadial-web-display-ldb1	cadenadial		amazonPrisa
prisa-cadenadial-web-display-ldb2	cadenadial		amazonPrisa
prisa-cadenadial-web-display-mpu1	cadenadial		amazonPrisa
prisa-cadenadial-web-display-mpu2	cadenadial		amazonPrisa
prisa-cadenadial-web-display-mpu3	cadenadial		amazonPrisa
prisa-chile_tikitakas-mob-display-mldb1	as_tikitakas		amazonPrisa
prisa-chile_tikitakas-mob-display-mpu1	as_tikitakas		amazonPrisa
prisa-chile-mob-display-ldb1	as		amazonPrisa
prisa-chile-mob-display-mldb1	as		amazonPrisa
prisa-chile-mob-display-mldb2	as		amazonPrisa
prisa-chile-mob-display-mldb3	as		amazonPrisa
prisa-chile-mob-display-mldb4	as		amazonPrisa
prisa-chile-mob-display-mpu1	as		amazonPrisa
prisa-chile-mob-display-mpu2	as		amazonPrisa
prisa-chile-mob-display-mpu3	as		amazonPrisa
prisa-chile-mob-display-mpu4	as		amazonPrisa
prisa-chile-mob-display-mpu5	as		amazonPrisa
prisa-chile-mob-display-sticky	as		amazonPrisa
prisa-chile-web-display-ldb1	as		amazonPrisa
prisa-chile-web-display-mpu1	as		amazonPrisa
prisa-colombia_tikitakas-mob-display-mldb1	as_tikitakas		amazonPrisa
prisa-colombia_tikitakas-mob-display-mpu1	as_tikitakas		amazonPrisa
prisa-colombia_tikitakas-mob-display-sticky	as_tikitakas		amazonPrisa
prisa-colombia-mob-display-mldb1	as		amazonPrisa
prisa-colombia-mob-display-mldb2	as		amazonPrisa
prisa-colombia-mob-display-mldb4	as		amazonPrisa
prisa-colombia-mob-display-mpu1	as		amazonPrisa
prisa-colombia-mob-display-mpu2	as		amazonPrisa
prisa-colombia-mob-display-sticky	as		amazonPrisa
prisa-colombia-web-display-ldb1	as		amazonPrisa
prisa-colombia-web-display-ldb2	as		amazonPrisa
prisa-colombia-web-display-ldb4	as		amazonPrisa
prisa-colombia-web-display-ldb5	as		amazonPrisa
prisa-colombia-web-display-mpu1	as		amazonPrisa
prisa-colombia-web-display-mpu3	as		amazonPrisa
prisa-colombia-web-display-mpu4	as		amazonPrisa
prisa-elpais_babelia-web-display-ldb1	elpais_babelia		amazonPrisa
prisa-elpais_babelia-web-display-mpu1	elpais_babelia		amazonPrisa
prisa-elpais_babelia-web-display-mpu2	elpais_babelia		amazonPrisa
prisa-elpais_economia-mob-display-mldb1	elpais_finanzas_economia		amazonPrisa
prisa-elpais_economia-mob-display-mpu1	elpais_finanzas_economia		amazonPrisa
prisa-elpais_economia-mob-display-mpu2	elpais_finanzas_economia		amazonPrisa
prisa-elpais_economia-mob-display-mpu3	elpais_finanzas_economia		amazonPrisa
prisa-elpais_economia-mob-display-sticky5	elpais_finanzas_economia		amazonPrisa
prisa-elpais_economia-web-display-ldb1	elpais_finanzas_economia		amazonPrisa
prisa-elpais_economia-web-display-mpu1	elpais_finanzas_economia		amazonPrisa
prisa-elpais_economia-web-display-mpu2	elpais_finanzas_economia		amazonPrisa
prisa-elpais_economia-web-display-mpu3	elpais_finanzas_economia		amazonPrisa
prisa-elpais_elcomidista-web-display-ldb1	elpais_comidista		amazonPrisa
prisa-elpais_elcomidista-web-display-mpu1	elpais_comidista		amazonPrisa
prisa-elpais_elcomidista-web-display-mpu2	elpais_comidista		amazonPrisa
prisa-elpais-mob-display-mldb1	elpais		amazonPrisa
prisa-elpais-mob-display-mldb3	elpais		amazonPrisa
prisa-elpais-mob-display-mpu1	elpais		amazonPrisa
prisa-elpais-mob-display-mpu2	elpais		amazonPrisa
prisa-elpais-mob-display-sticky	elpais		amazonPrisa
prisa-elpais-mob-display-sticky5	elpais		amazonPrisa
prisa-elpais-web-display-ldb1	elpais		amazonPrisa
prisa-elpais-web-display-ldb2	elpais		amazonPrisa
prisa-elpais-web-display-ldb3	elpais		amazonPrisa
prisa-elpais-web-display-mpu1	elpais		amazonPrisa
prisa-elpais-web-display-mpu2	elpais		amazonPrisa
prisa-elpais-web-display-mpu3	elpais		amazonPrisa
prisa-elpais-web-display-mpu4	elpais		amazonPrisa
prisa-elpais-web-display-mpu5	elpais		amazonPrisa
prisa-elpais-web-display-sticky5	elpais		amazonPrisa
prisa-en-mob-display-mldb1	as		amazonPrisa
prisa-en-mob-display-mldb2	as		amazonPrisa
prisa-en-mob-display-mpu1	as		amazonPrisa
prisa-en-mob-display-mpu2	as		amazonPrisa
prisa-en-mob-display-mpu3	as		amazonPrisa
prisa-en-mob-display-mpu4	as		amazonPrisa
prisa-en-mob-display-sticky	as		amazonPrisa
prisa-en-web-display-ldb1	as		amazonPrisa
prisa-en-web-display-ldb2	as		amazonPrisa
prisa-en-web-display-ldb3	as		amazonPrisa
prisa-en-web-display-ldb5	as		amazonPrisa
prisa-en-web-display-mpu1	as		amazonPrisa
prisa-en-web-display-mpu2	as		amazonPrisa
prisa-en-web-display-mpu3	as		amazonPrisa
prisa-en-web-display-mpu5	as		amazonPrisa
prisa-en-web-display-sticky	as		amazonPrisa
prisa-huffingtonpost_ciencia-mob-display-mldb1	huffingtonpost		amazonPrisa
prisa-huffingtonpost_ciencia-mob-display-mpu1	huffingtonpost		amazonPrisa
prisa-huffingtonpost_ciencia-mob-display-mpu2	huffingtonpost		amazonPrisa
prisa-huffingtonpost_ciencia-mob-display-mpu3	huffingtonpost		amazonPrisa
prisa-huffingtonpost_ciencia-web-display-ldb1	huffingtonpost		amazonPrisa
prisa-huffingtonpost_ciencia-web-display-ldb2	huffingtonpost		amazonPrisa
prisa-huffingtonpost_ciencia-web-display-ldb3	huffingtonpost		amazonPrisa
prisa-huffingtonpost_ciencia-web-display-mpu1	huffingtonpost		amazonPrisa
prisa-huffingtonpost_ciencia-web-display-mpu2	huffingtonpost		amazonPrisa
prisa-huffingtonpost_ciencia-web-display-mpu3	huffingtonpost		amazonPrisa
prisa-huffingtonpost_ciencia-web-display-mpu4	huffingtonpost		amazonPrisa
prisa-huffingtonpost_ciencia-web-display-mpu5	huffingtonpost		amazonPrisa
prisa-huffingtonpost_economia-mob-display-ldb1	huffingtonpost		amazonPrisa
prisa-huffingtonpost_economia-mob-display-ldb2	huffingtonpost		amazonPrisa
prisa-huffingtonpost_economia-mob-display-ldb3	huffingtonpost		amazonPrisa
prisa-huffingtonpost_economia-mob-display-mldb1	huffingtonpost		amazonPrisa
prisa-huffingtonpost_economia-mob-display-mpu1	huffingtonpost		amazonPrisa
prisa-huffingtonpost_economia-mob-display-mpu2	huffingtonpost		amazonPrisa
prisa-huffingtonpost_economia-mob-display-mpu3	huffingtonpost		amazonPrisa
prisa-huffingtonpost_economia-mob-display-mpu4	huffingtonpost		amazonPrisa
prisa-huffingtonpost_economia-mob-display-mpu5	huffingtonpost		amazonPrisa
prisa-huffingtonpost_economia-mob-display-sticky	huffingtonpost		amazonPrisa
prisa-huffingtonpost_economia-web-display-ldb1	huffingtonpost		amazonPrisa
prisa-huffingtonpost_economia-web-display-ldb2	huffingtonpost		amazonPrisa
prisa-huffingtonpost_economia-web-display-ldb3	huffingtonpost		amazonPrisa
prisa-huffingtonpost_economia-web-display-mpu1	huffingtonpost		amazonPrisa
prisa-huffingtonpost_economia-web-display-mpu2	huffingtonpost		amazonPrisa
prisa-huffingtonpost_economia-web-display-mpu3	huffingtonpost		amazonPrisa
prisa-huffingtonpost_economia-web-display-mpu4	huffingtonpost		amazonPrisa
prisa-huffingtonpost_economia-web-display-mpu5	huffingtonpost		amazonPrisa
prisa-huffingtonpost_m-mob-display-ldb1	huffingtonpost	mob	amazonPrisa
prisa-huffingtonpost_m-mob-display-ldb2	huffingtonpost	mob	amazonPrisa
prisa-huffingtonpost_m-mob-display-ldb3	huffingtonpost	mob	amazonPrisa
prisa-huffingtonpost_m-mob-display-mldb1	huffingtonpost	mob	amazonPrisa
prisa-huffingtonpost_m-mob-display-mpu1	huffingtonpost	mob	amazonPrisa
prisa-huffingtonpost_m-mob-display-mpu2	huffingtonpost	mob	amazonPrisa
prisa-huffingtonpost_m-mob-display-mpu3	huffingtonpost	mob	amazonPrisa
prisa-huffingtonpost_m-mob-display-mpu4	huffingtonpost	mob	amazonPrisa
prisa-huffingtonpost_m-mob-display-mpu5	huffingtonpost	mob	amazonPrisa
prisa-huffingtonpost_m-mob-display-sticky	huffingtonpost	mob	amazonPrisa
prisa-huffingtonpost_m-web-display-ldb1	huffingtonpost	web	amazonPrisa
prisa-huffingtonpost_m-web-display-ldb2	huffingtonpost	web	amazonPrisa
prisa-huffingtonpost_m-web-display-ldb3	huffingtonpost	web	amazonPrisa
prisa-huffingtonpost_m-web-display-mldb1	huffingtonpost	web	amazonPrisa
prisa-huffingtonpost_m-web-display-mpu1	huffingtonpost	web	amazonPrisa
prisa-huffingtonpost_m-web-display-mpu2	huffingtonpost	web	amazonPrisa
prisa-huffingtonpost_m-web-display-mpu3	huffingtonpost	web	amazonPrisa
prisa-huffingtonpost_m-web-display-mpu4	huffingtonpost	web	amazonPrisa
prisa-huffingtonpost_m-web-display-mpu5	huffingtonpost	web	amazonPrisa
prisa-huffingtonpost-mob-display-ldb1	huffingtonpost		amazonPrisa
prisa-huffingtonpost-mob-display-ldb2	huffingtonpost		amazonPrisa
prisa-huffingtonpost-mob-display-ldb3	huffingtonpost		amazonPrisa
prisa-huffingtonpost-mob-display-mldb1	huffingtonpost		amazonPrisa
prisa-huffingtonpost-mob-display-mpu1	huffingtonpost		amazonPrisa
prisa-huffingtonpost-mob-display-mpu2	huffingtonpost		amazonPrisa
prisa-huffingtonpost-mob-display-mpu3	huffingtonpost		amazonPrisa
prisa-huffingtonpost-mob-display-mpu4	huffingtonpost		amazonPrisa
prisa-huffingtonpost-mob-display-mpu5	huffingtonpost		amazonPrisa
prisa-huffingtonpost-mob-display-sticky	huffingtonpost		amazonPrisa
prisa-huffingtonpost-web-display-ldb1	huffingtonpost		amazonPrisa
prisa-huffingtonpost-web-display-ldb2	huffingtonpost		amazonPrisa
prisa-huffingtonpost-web-display-ldb3	huffingtonpost		amazonPrisa
prisa-huffingtonpost-web-display-mldb1	huffingtonpost		amazonPrisa
prisa-huffingtonpost-web-display-mpu1	huffingtonpost		amazonPrisa
prisa-huffingtonpost-web-display-mpu2	huffingtonpost		amazonPrisa
prisa-huffingtonpost-web-display-mpu3	huffingtonpost		amazonPrisa
prisa-huffingtonpost-web-display-mpu4	huffingtonpost		amazonPrisa
prisa-huffingtonpost-web-display-mpu5	huffingtonpost		amazonPrisa
prisa-los40-mob-display-mldb1	los40		amazonPrisa
prisa-los40-mob-display-mldb2	los40		amazonPrisa
prisa-los40-mob-display-mpu1	los40		amazonPrisa
prisa-los40-mob-display-mpu3	los40		amazonPrisa
prisa-los40-mob-display-mpu4	los40		amazonPrisa
prisa-los40-mob-display-mpu5	los40		amazonPrisa
prisa-los40-web-display-ldb1	los40		amazonPrisa
prisa-los40-web-display-ldb2	los40		amazonPrisa
prisa-los40-web-display-ldb3	los40		amazonPrisa
prisa-los40-web-display-ldb4	los40		amazonPrisa
prisa-los40-web-display-ldb5	los40		amazonPrisa
prisa-los40-web-display-mpu1	los40		amazonPrisa
prisa-los40-web-display-mpu2	los40		amazonPrisa
prisa-los40-web-display-mpu3	los40		amazonPrisa
prisa-mexico_tikitakas-web-display-ldb1	as_tikitakas		amazonPrisa
prisa-mexico_tikitakas-web-display-mpu1	as_tikitakas		amazonPrisa
prisa-mexico-mob-display-mldb1	as		amazonPrisa
prisa-mexico-mob-display-mldb2	as		amazonPrisa
prisa-mexico-mob-display-mldb3	as		amazonPrisa
prisa-mexico-mob-display-mldb5	as		amazonPrisa
prisa-mexico-mob-display-mpu1	as		amazonPrisa
prisa-mexico-mob-display-mpu2	as		amazonPrisa
prisa-mexico-mob-display-mpu3	as		amazonPrisa
prisa-mexico-mob-display-mpu4	as		amazonPrisa
prisa-mexico-mob-display-mpu5	as		amazonPrisa
prisa-mexico-mob-display-sticky	as		amazonPrisa
prisa-mexico-web-display-ldb1	as		amazonPrisa
prisa-mexico-web-display-ldb2	as		amazonPrisa
prisa-mexico-web-display-mpu1	as		amazonPrisa
prisa-mexico-web-display-mpu2	as		amazonPrisa
prisa-mexico-web-display-mpu3	as		amazonPrisa
prisa-mexico-web-display-mpu4	as		amazonPrisa
prisa-mexico-web-display-mpu5	as		amazonPrisa
prisa-m-mob-display-mldb1	sin identificar		amazonPrisa
prisa-m-mob-display-mpu1	sin identificar		amazonPrisa
prisa-m-mob-display-mpu2	sin identificar		amazonPrisa
prisa-m-mob-display-mpu3	sin identificar		amazonPrisa
prisa-m-mob-display-sticky	sin identificar		amazonPrisa
prisa-peru_tikitakas-web-display-ldb1	as		amazonPrisa
prisa-peru_tikitakas-web-display-mpu1	as		amazonPrisa
prisa-peru-mob-display-ldb1	as		amazonPrisa
prisa-peru-mob-display-mldb1	as		amazonPrisa
prisa-peru-mob-display-mldb2	as		amazonPrisa
prisa-peru-mob-display-mpu1	as		amazonPrisa
prisa-peru-mob-display-mpu2	as		amazonPrisa
prisa-peru-mob-display-mpu3	as		amazonPrisa
prisa-peru-mob-display-mpu4	as		amazonPrisa
prisa-peru-mob-display-sticky	as		amazonPrisa
prisa-peru-web-display-ldb1	as		amazonPrisa
prisa-peru-web-display-ldb2	as		amazonPrisa
prisa-peru-web-display-mpu1	as		amazonPrisa
prisa-peru-web-display-mpu2	as		amazonPrisa
prisa-resultados-mob-display-ldb1	as		amazonPrisa
prisa-resultados-mob-display-ldb2	as		amazonPrisa
prisa-resultados-mob-display-mldb1	as		amazonPrisa
prisa-resultados-mob-display-mldb2	as		amazonPrisa
prisa-resultados-mob-display-mpu1	as		amazonPrisa
prisa-resultados-mob-display-mpu2	as		amazonPrisa
prisa-resultados-mob-display-mpu3	as		amazonPrisa
prisa-resultados-mob-display-mpu4	as		amazonPrisa
prisa-resultados-mob-display-mpu5	as		amazonPrisa
prisa-resultados-mob-display-sticky	as		amazonPrisa
prisa-resultados-web-display-ldb1	as		amazonPrisa
prisa-resultados-web-display-ldb2	as		amazonPrisa
prisa-resultados-web-display-mpu1	as		amazonPrisa
prisa-resultados-web-display-sticky	as		amazonPrisa
prisa-us_tikitakas-mob-display-mldb1	as_tikitakas		amazonPrisa
prisa-us_tikitakas-mob-display-sticky	as_tikitakas		amazonPrisa
prisa-us-mob-display-ldb2	as		amazonPrisa
prisa-us-mob-display-ldb4	as		amazonPrisa
prisa-us-mob-display-ldb5	as		amazonPrisa
prisa-us-mob-display-mldb1	as		amazonPrisa
prisa-us-mob-display-mldb2	as		amazonPrisa
prisa-us-mob-display-mpu1	as		amazonPrisa
prisa-us-mob-display-mpu3	as		amazonPrisa
prisa-us-mob-display-mpu4	as		amazonPrisa
prisa-us-mob-display-mpu5	as		amazonPrisa
prisa-us-mob-display-sticky	as		amazonPrisa
prisa-us-web-display-ldb1	as		amazonPrisa
prisa-us-web-display-mpu1	as		amazonPrisa
prisa-us-web-display-mpu2	as		amazonPrisa
prisa-www-mob-display-ldb1	sin identificar		amazonPrisa
prisa-www-mob-display-ldb2	sin identificar		amazonPrisa
prisa-www-mob-display-mldb1	sin identificar		amazonPrisa
prisa-www-mob-display-mpu2	sin identificar		amazonPrisa
prisa-www-mob-display-mpu3	sin identificar		amazonPrisa
prisa-www-mob-display-sticky	sin identificar		amazonPrisa
prisa-www-web-display-ldb1	sin identificar		amazonPrisa
prisa-www-web-display-ldb2	sin identificar		amazonPrisa
prisa-www-web-display-ldb3	sin identificar		amazonPrisa
prisa-www-web-display-mpu1	sin identificar		amazonPrisa
prisa-www-web-display-mpu2	sin identificar		amazonPrisa
prisa-www-web-display-mpu3	sin identificar		amazonPrisa
prisa-www-web-display-mpu4	sin identificar		amazonPrisa
prisa-www-web-display-mpu5	sin identificar		amazonPrisa