coso,site,channel,origen
"/100151972/","sin identificar","any","amazonPrisa"
"/7811748/as_mob/50aniversario/especiales","as","mob","amazonPrisa"
"/7811748/as_mob/apuestas/noticias","as","mob","amazonPrisa"
"/7811748/as_mob/argentina/actualidad","as","mob","amazonPrisa"
"/7811748/as_mob/argentina/actualidad/portada","as","mob","amazonPrisa"
"/7811748/as_mob/argentina/directo","as","mob","amazonPrisa"
"/7811748/as_mob/argentina/fotogalerias","as","mob","amazonPrisa"
"/7811748/as_mob/argentina/futbol","as","mob","amazonPrisa"
"/7811748/as_mob/argentina/infografia","as","mob","amazonPrisa"
"/7811748/as_mob/argentina/masdeporte","as","mob","amazonPrisa"
"/7811748/as_mob/argentina/portada","as","mob","amazonPrisa"
"/7811748/as_mob/argentina/reportajes","as","mob","amazonPrisa"
"/7811748/as_mob/argentina/tikitakas","as","mob","amazonPrisa"
"/7811748/as_mob/argentina/videos","as","mob","amazonPrisa"
"/7811748/as_mob/ascolor/opinion","as","mob","amazonPrisa"
"/7811748/as_mob/ascolor/portada","as","mob","amazonPrisa"
"/7811748/as_mob/baloncesto","as_baloncesto","mob","amazonPrisa"
"/7811748/as_mob/baloncesto/acb","as_baloncesto","mob","amazonPrisa"
"/7811748/as_mob/baloncesto/acb/portada","as_baloncesto","mob","amazonPrisa"
"/7811748/as_mob/baloncesto/copa_del_rey","as_baloncesto","mob","amazonPrisa"
"/7811748/as_mob/baloncesto/directo","as_baloncesto","mob","amazonPrisa"
"/7811748/as_mob/baloncesto/eurobasket","as_baloncesto","mob","amazonPrisa"
"/7811748/as_mob/baloncesto/eurobasket_femenino","as_baloncesto","mob","amazonPrisa"
"/7811748/as_mob/baloncesto/eurocup","as_baloncesto","mob","amazonPrisa"
"/7811748/as_mob/baloncesto/euroliga","as_baloncesto","mob","amazonPrisa"
"/7811748/as_mob/baloncesto/euroliga/portada","as_baloncesto","mob","amazonPrisa"
"/7811748/as_mob/baloncesto/infografia","as_baloncesto","mob","amazonPrisa"
"/7811748/as_mob/baloncesto/mas_baloncesto","as_baloncesto","mob","amazonPrisa"
"/7811748/as_mob/baloncesto/mundial","as_baloncesto","mob","amazonPrisa"
"/7811748/as_mob/baloncesto/portada","as_baloncesto","mob","amazonPrisa"
"/7811748/as_mob/baloncesto/reportajes","as_baloncesto","mob","amazonPrisa"
"/7811748/as_mob/baloncesto/videos","as_baloncesto","mob","amazonPrisa"
"/7811748/as_mob/buenavida/fotorrelato","as_buenavida","mob","amazonPrisa"
"/7811748/as_mob/buenavida/portada","as_buenavida","mob","amazonPrisa"
"/7811748/as_mob/buscador","as","mob","amazonPrisa"
"/7811748/as_mob/chile/actualidad","as","mob","amazonPrisa"
"/7811748/as_mob/chile/actualidad/portada","as","mob","amazonPrisa"
"/7811748/as_mob/chile/deporte_femenino","as","mob","amazonPrisa"
"/7811748/as_mob/chile/deporte_femenino/portada","as","mob","amazonPrisa"
"/7811748/as_mob/chile/deportes_aventura","as","mob","amazonPrisa"
"/7811748/as_mob/chile/directo","as","mob","amazonPrisa"
"/7811748/as_mob/chile/fotogalerias","as","mob","amazonPrisa"
"/7811748/as_mob/chile/futbol","as","mob","amazonPrisa"
"/7811748/as_mob/chile/futbol/portada","as","mob","amazonPrisa"
"/7811748/as_mob/chile/masdeporte","as","mob","amazonPrisa"
"/7811748/as_mob/chile/opinion","as","mob","amazonPrisa"
"/7811748/as_mob/chile/opinion/portada","as","mob","amazonPrisa"
"/7811748/as_mob/chile/portada","as","mob","amazonPrisa"
"/7811748/as_mob/chile/reportajes","as","mob","amazonPrisa"
"/7811748/as_mob/chile/tikitakas","as","mob","amazonPrisa"
"/7811748/as_mob/chile/tikitakas/portada","as","mob","amazonPrisa"
"/7811748/as_mob/chile/videos","as","mob","amazonPrisa"
"/7811748/as_mob/ciclismo","as","mob","amazonPrisa"
"/7811748/as_mob/ciclismo/directo","as","mob","amazonPrisa"
"/7811748/as_mob/ciclismo/giro_de_italia","as","mob","amazonPrisa"
"/7811748/as_mob/ciclismo/giro_de_italia/portada","as","mob","amazonPrisa"
"/7811748/as_mob/ciclismo/infografia","as","mob","amazonPrisa"
"/7811748/as_mob/ciclismo/mundial","as","mob","amazonPrisa"
"/7811748/as_mob/ciclismo/portada","as","mob","amazonPrisa"
"/7811748/as_mob/ciclismo/reportajes","as","mob","amazonPrisa"
"/7811748/as_mob/ciclismo/tour_de_francia","as","mob","amazonPrisa"
"/7811748/as_mob/ciclismo/videos","as","mob","amazonPrisa"
"/7811748/as_mob/ciclismo/vuelta_a_espana","as","mob","amazonPrisa"
"/7811748/as_mob/ciclismo/vuelta_a_espana/portada","as","mob","amazonPrisa"
"/7811748/as_mob/colombia/actualidad","as","mob","amazonPrisa"
"/7811748/as_mob/colombia/actualidad/portada","as","mob","amazonPrisa"
"/7811748/as_mob/colombia/directo","as","mob","amazonPrisa"
"/7811748/as_mob/colombia/fotogalerias","as","mob","amazonPrisa"
"/7811748/as_mob/colombia/fotorrelato","as","mob","amazonPrisa"
"/7811748/as_mob/colombia/futbol","as","mob","amazonPrisa"
"/7811748/as_mob/colombia/futbol/portada","as","mob","amazonPrisa"
"/7811748/as_mob/colombia/masdeporte","as","mob","amazonPrisa"
"/7811748/as_mob/colombia/masdeporte/portada","as","mob","amazonPrisa"
"/7811748/as_mob/colombia/opinion","as","mob","amazonPrisa"
"/7811748/as_mob/colombia/portada","as","mob","amazonPrisa"
"/7811748/as_mob/colombia/reportajes","as","mob","amazonPrisa"
"/7811748/as_mob/colombia/tikitakas","as","mob","amazonPrisa"
"/7811748/as_mob/colombia/tikitakas/portada","as","mob","amazonPrisa"
"/7811748/as_mob/colombia/videos","as","mob","amazonPrisa"
"/7811748/as_mob/deportes_accion","as","mob","amazonPrisa"
"/7811748/as_mob/deportes_accion/agua","as","mob","amazonPrisa"
"/7811748/as_mob/deportes_accion/mas_accion","as","mob","amazonPrisa"
"/7811748/as_mob/deportes_accion/mas_deportes","as","mob","amazonPrisa"
"/7811748/as_mob/deportes_accion/mtb","as","mob","amazonPrisa"
"/7811748/as_mob/deportes_accion/portada","as","mob","amazonPrisa"
"/7811748/as_mob/deportes_accion/reportajes","as","mob","amazonPrisa"
"/7811748/as_mob/deportes_accion/snow","as","mob","amazonPrisa"
"/7811748/as_mob/deportes_accion/surf","as","mob","amazonPrisa"
"/7811748/as_mob/deportes_accion/surf/portada","as","mob","amazonPrisa"
"/7811748/as_mob/deportes_accion/tierra","as","mob","amazonPrisa"
"/7811748/as_mob/deportes_accion/urbano","as","mob","amazonPrisa"
"/7811748/as_mob/deporteyvida/videos","as","mob","amazonPrisa"
"/7811748/as_mob/as/actualidad","as","mob","amazonPrisa"
"/7811748/as_mob/as/actualidad/portada","as","mob","amazonPrisa"
"/7811748/as_mob/en/football","as","mob","amazonPrisa"
"/7811748/as_mob/en/football/portada","as","mob","amazonPrisa"
"/7811748/as_mob/en/infografia","as","mob","amazonPrisa"
"/7811748/as_mob/en/latest_news","as","mob","amazonPrisa"
"/7811748/as_mob/en/latest_news/portada","as","mob","amazonPrisa"
"/7811748/as_mob/en/opinion","as","mob","amazonPrisa"
"/7811748/as_mob/en/opinion/portada","as","mob","amazonPrisa"
"/7811748/as_mob/en/other_sports","as","mob","amazonPrisa"
"/7811748/as_mob/en/portada","as","mob","amazonPrisa"
"/7811748/as_mob/en/reportajes","as","mob","amazonPrisa"
"/7811748/as_mob/en/videos","as","mob","amazonPrisa"
"/7811748/as_mob/encuestas","as","mob","amazonPrisa"
"/7811748/as_mob/entrevistas","as","mob","amazonPrisa"
"/7811748/as_mob/epik","as_epik","mob","amazonPrisa"
"/7811748/as_mob/epik/portada","as_epik","mob","amazonPrisa"
"/7811748/as_mob/epik/videos","as_epik","mob","amazonPrisa"
"/7811748/as_mob/esports/counter_strike","as_esports","mob","amazonPrisa"
"/7811748/as_mob/esports/league_of_legends","as_esports","mob","amazonPrisa"
"/7811748/as_mob/esports/mas_esports","as_esports","mob","amazonPrisa"
"/7811748/as_mob/esports/portada/portada","as_esports","mob","amazonPrisa"
"/7811748/as_mob/fotogalerias/baloncesto","as","mob","amazonPrisa"
"/7811748/as_mob/fotogalerias/buenavida","as","mob","amazonPrisa"
"/7811748/as_mob/fotogalerias/ciclismo","as","mob","amazonPrisa"
"/7811748/as_mob/fotogalerias/deportes_accion","as","mob","amazonPrisa"
"/7811748/as_mob/fotogalerias/en","as","mob","amazonPrisa"
"/7811748/as_mob/fotogalerias/epik","as","mob","amazonPrisa"
"/7811748/as_mob/fotogalerias/epik/equipo","as","mob","amazonPrisa"
"/7811748/as_mob/fotogalerias/futbol","as","mob","amazonPrisa"
"/7811748/as_mob/fotogalerias/lachicadeas","as","mob","amazonPrisa"
"/7811748/as_mob/fotogalerias/masdeporte","as","mob","amazonPrisa"
"/7811748/as_mob/fotogalerias/motor","as","mob","amazonPrisa"
"/7811748/as_mob/fotogalerias/ocio","as","mob","amazonPrisa"
"/7811748/as_mob/fotogalerias/tenis","as","mob","amazonPrisa"
"/7811748/as_mob/fotogalerias/tikitakas","as","mob","amazonPrisa"
"/7811748/as_mob/fotorrelato/baloncesto","as","mob","amazonPrisa"
"/7811748/as_mob/fotorrelato/ciclismo","as","mob","amazonPrisa"
"/7811748/as_mob/fotorrelato/deportes_accion","as","mob","amazonPrisa"
"/7811748/as_mob/fotorrelato/epik","as","mob","amazonPrisa"
"/7811748/as_mob/fotorrelato/futbol","as","mob","amazonPrisa"
"/7811748/as_mob/fotorrelato/futbol/portada","as","mob","amazonPrisa"
"/7811748/as_mob/fotorrelato/masdeporte","as","mob","amazonPrisa"
"/7811748/as_mob/fotorrelato/motor","as","mob","amazonPrisa"
"/7811748/as_mob/fotorrelato/tenis","as","mob","amazonPrisa"
"/7811748/as_mob/futbol","as_futbol","mob","amazonPrisa"
"/7811748/as_mob/futbol/balon_oro","as_futbol","mob","amazonPrisa"
"/7811748/as_mob/futbol/copa_africa","as_futbol","mob","amazonPrisa"
"/7811748/as_mob/futbol/copa_america","as_futbol","mob","amazonPrisa"
"/7811748/as_mob/futbol/copa_america/portada","as_futbol","mob","amazonPrisa"
"/7811748/as_mob/futbol/copa_del_rey","as_futbol","mob","amazonPrisa"
"/7811748/as_mob/futbol/copa_del_rey/portada","as_futbol","mob","amazonPrisa"
"/7811748/as_mob/futbol/eurocopa","as_futbol","mob","amazonPrisa"
"/7811748/as_mob/futbol/eurocopa/especial","as_futbol","mob","amazonPrisa"
"/7811748/as_mob/futbol/eurocopa/portada","as_futbol","mob","amazonPrisa"
"/7811748/as_mob/futbol/europa_liga","as_futbol","mob","amazonPrisa"
"/7811748/as_mob/futbol/europa_liga/portada","as_futbol","mob","amazonPrisa"
"/7811748/as_mob/futbol/femenino","as_futbol","mob","amazonPrisa"
"/7811748/as_mob/futbol/femenino/portada","as_futbol","mob","amazonPrisa"
"/7811748/as_mob/futbol/infografia","as_futbol","mob","amazonPrisa"
"/7811748/as_mob/futbol/internacional","as_futbol","mob","amazonPrisa"
"/7811748/as_mob/futbol/internacional/portada","as_futbol","mob","amazonPrisa"
"/7811748/as_mob/futbol/liga_de_campeones","as_futbol","mob","amazonPrisa"
"/7811748/as_mob/futbol/liga_de_campeones/portada","as_futbol","mob","amazonPrisa"
"/7811748/as_mob/futbol/mas_futbol","as_futbol","mob","amazonPrisa"
"/7811748/as_mob/futbol/migrantes_del_balon","as_futbol","mob","amazonPrisa"
"/7811748/as_mob/futbol/mundial","as_futbol","mob","amazonPrisa"
"/7811748/as_mob/futbol/mundial/portada","as_futbol","mob","amazonPrisa"
"/7811748/as_mob/futbol/portada","as_futbol","mob","amazonPrisa"
"/7811748/as_mob/futbol/primera","as_futbol","mob","amazonPrisa"
"/7811748/as_mob/futbol/primera/portada","as_futbol","mob","amazonPrisa"
"/7811748/as_mob/futbol/segunda","as_futbol","mob","amazonPrisa"
"/7811748/as_mob/futbol/segunda/portada","as_futbol","mob","amazonPrisa"
"/7811748/as_mob/futbol/seleccion","as_futbol","mob","amazonPrisa"
"/7811748/as_mob/futbol/seleccion/portada","as_futbol","mob","amazonPrisa"
"/7811748/as_mob/futbol/torneo_internacional_alevin_futbol_7","as_futbol","mob","amazonPrisa"
"/7811748/as_mob/futbol/videos","as_futbol","mob","amazonPrisa"
"/7811748/as_mob/golf/masters_augusta","as","mob","amazonPrisa"
"/7811748/as_mob/golf/ryder_cup","as","mob","amazonPrisa"
"/7811748/as_mob/juegos_olimpicos/chile","as","mob","amazonPrisa"
"/7811748/as_mob/juegos_olimpicos/colombia","as","mob","amazonPrisa"
"/7811748/as_mob/juegos_olimpicos/espana","as","mob","amazonPrisa"
"/7811748/as_mob/juegos_olimpicos/noticias","as","mob","amazonPrisa"
"/7811748/as_mob/juegos_olimpicos/us","as","mob","amazonPrisa"
"/7811748/as_mob/juegos_olimpicos/videos","as","mob","amazonPrisa"
"/7811748/as_mob/masdeporte","as","mob","amazonPrisa"
"/7811748/as_mob/masdeporte/atletismo","as","mob","amazonPrisa"
"/7811748/as_mob/masdeporte/atletismo/portada","as","mob","amazonPrisa"
"/7811748/as_mob/masdeporte/balonmano","as","mob","amazonPrisa"
"/7811748/as_mob/masdeporte/balonmano/portada","as","mob","amazonPrisa"
"/7811748/as_mob/masdeporte/golf","as","mob","amazonPrisa"
"/7811748/as_mob/masdeporte/golf/portada","as","mob","amazonPrisa"
"/7811748/as_mob/masdeporte/infografia","as","mob","amazonPrisa"
"/7811748/as_mob/masdeporte/juegosolimpicos","as","mob","amazonPrisa"
"/7811748/as_mob/masdeporte/juegosolimpicos/portada","as","mob","amazonPrisa"
"/7811748/as_mob/masdeporte/mlb","as","mob","amazonPrisa"
"/7811748/as_mob/masdeporte/mlb/portada","as","mob","amazonPrisa"
"/7811748/as_mob/masdeporte/nfl","as","mob","amazonPrisa"
"/7811748/as_mob/masdeporte/nfl/portada","as","mob","amazonPrisa"
"/7811748/as_mob/masdeporte/polideportivo","as","mob","amazonPrisa"
"/7811748/as_mob/masdeporte/polideportivo/deportista","as","mob","amazonPrisa"
"/7811748/as_mob/masdeporte/polideportivo/portada","as","mob","amazonPrisa"
"/7811748/as_mob/masdeporte/portada","as","mob","amazonPrisa"
"/7811748/as_mob/mexico/actualidad","as","mob","amazonPrisa"
"/7811748/as_mob/mexico/actualidad/portada","as","mob","amazonPrisa"
"/7811748/as_mob/mexico/boxeo","as","mob","amazonPrisa"
"/7811748/as_mob/mexico/boxeo/portada","as","mob","amazonPrisa"
"/7811748/as_mob/mexico/fotogalerias","as","mob","amazonPrisa"
"/7811748/as_mob/mexico/futbol","as","mob","amazonPrisa"
"/7811748/as_mob/mexico/futbol/portada","as","mob","amazonPrisa"
"/7811748/as_mob/mexico/masdeporte","as","mob","amazonPrisa"
"/7811748/as_mob/mexico/masdeporte/portada","as","mob","amazonPrisa"
"/7811748/as_mob/mexico/mlb","as","mob","amazonPrisa"
"/7811748/as_mob/mexico/nfl","as","mob","amazonPrisa"
"/7811748/as_mob/mexico/nfl/portada","as","mob","amazonPrisa"
"/7811748/as_mob/mexico/opinion","as","mob","amazonPrisa"
"/7811748/as_mob/mexico/portada","as","mob","amazonPrisa"
"/7811748/as_mob/mexico/reportajes","as","mob","amazonPrisa"
"/7811748/as_mob/mexico/tikitakas","as","mob","amazonPrisa"
"/7811748/as_mob/mexico/tikitakas/portada","as","mob","amazonPrisa"
"/7811748/as_mob/mexico/videos","as","mob","amazonPrisa"
"/7811748/as_mob/motor","as_motor","mob","amazonPrisa"
"/7811748/as_mob/motor/directo","as_motor","mob","amazonPrisa"
"/7811748/as_mob/motor/formula_1","as_motor","mob","amazonPrisa"
"/7811748/as_mob/motor/formula_1/portada","as_motor","mob","amazonPrisa"
"/7811748/as_mob/motor/infografia","as_motor","mob","amazonPrisa"
"/7811748/as_mob/motor/mas_motor/portada","as_motor","mob","amazonPrisa"
"/7811748/as_mob/motor/motociclismo","as_motor","mob","amazonPrisa"
"/7811748/as_mob/motor/motociclismo/portada","as_motor","mob","amazonPrisa"
"/7811748/as_mob/motor/portada","as_motor","mob","amazonPrisa"
"/7811748/as_mob/motor/rallies","as_motor","mob","amazonPrisa"
"/7811748/as_mob/motor/reportajes","as_motor","mob","amazonPrisa"
"/7811748/as_mob/motor/videos","as_motor","mob","amazonPrisa"
"/7811748/as_mob/ocio/cine","as","mob","amazonPrisa"
"/7811748/as_mob/ocio/conectados","as","mob","amazonPrisa"
"/7811748/as_mob/ocio/juegos","as","mob","amazonPrisa"
"/7811748/as_mob/ocio/musica","as","mob","amazonPrisa"
"/7811748/as_mob/ocio/salud","as","mob","amazonPrisa"
"/7811748/as_mob/ocio/television","as","mob","amazonPrisa"
"/7811748/as_mob/ocio/tikitakas","as","mob","amazonPrisa"
"/7811748/as_mob/opinion","as","mob","amazonPrisa"
"/7811748/as_mob/opinion/portada","as","mob","amazonPrisa"
"/7811748/as_mob/peru/actualidad","as","mob","amazonPrisa"
"/7811748/as_mob/peru/actualidad/portada","as","mob","amazonPrisa"
"/7811748/as_mob/peru/futbol","as","mob","amazonPrisa"
"/7811748/as_mob/peru/masdeporte","as","mob","amazonPrisa"
"/7811748/as_mob/peru/portada","as","mob","amazonPrisa"
"/7811748/as_mob/peru/reportajes","as","mob","amazonPrisa"
"/7811748/as_mob/peru/tikitakas","as","mob","amazonPrisa"
"/7811748/as_mob/peru/tikitakas/portada","as","mob","amazonPrisa"
"/7811748/as_mob/portada","as","mob","amazonPrisa"
"/7811748/as_mob/promocionespapel","as","mob","amazonPrisa"
"/7811748/as_mob/resultados","as","mob","amazonPrisa"
"/7811748/as_mob/resultados/calendario","as","mob","amazonPrisa"
"/7811748/as_mob/resultados/calendario/dias","as","mob","amazonPrisa"
"/7811748/as_mob/resultados/clasificacion","as","mob","amazonPrisa"
"/7811748/as_mob/resultados/comparador","as","mob","amazonPrisa"
"/7811748/as_mob/resultados/comparador/portada","as","mob","amazonPrisa"
"/7811748/as_mob/resultados/directo","as","mob","amazonPrisa"
"/7811748/as_mob/resultados/enjuego","as","mob","amazonPrisa"
"/7811748/as_mob/resultados/equipos","as","mob","amazonPrisa"
"/7811748/as_mob/resultados/estadisticas","as","mob","amazonPrisa"
"/7811748/as_mob/resultados/ficha","as","mob","amazonPrisa"
"/7811748/as_mob/resultados/ficha/deportista","as","mob","amazonPrisa"
"/7811748/as_mob/resultados/ficha/equipo","as","mob","amazonPrisa"
"/7811748/as_mob/resultados/integrantes","as","mob","amazonPrisa"
"/7811748/as_mob/resultados/jornada","as","mob","amazonPrisa"
"/7811748/as_mob/resultados/juegos_olimpicos","as","mob","amazonPrisa"
"/7811748/as_mob/resultados/juegos_olimpicos/equipo","as","mob","amazonPrisa"
"/7811748/as_mob/resultados/quiniela","as","mob","amazonPrisa"
"/7811748/as_mob/resultados/ranking","as","mob","amazonPrisa"
"/7811748/as_mob/rugby/seis_naciones","as","mob","amazonPrisa"
"/7811748/as_mob/servicios/horoscopo","as","mob","amazonPrisa"
"/7811748/as_mob/servicios/loteria-navidad","as","mob","amazonPrisa"
"/7811748/as_mob/tags/blogs","as","mob","amazonPrisa"
"/7811748/as_mob/television/canales","as","mob","amazonPrisa"
"/7811748/as_mob/television/programas","as","mob","amazonPrisa"
"/7811748/as_mob/tenis","as","mob","amazonPrisa"
"/7811748/as_mob/tenis/copa_davis","as","mob","amazonPrisa"
"/7811748/as_mob/tenis/directo","as","mob","amazonPrisa"
"/7811748/as_mob/tenis/final_atp","as","mob","amazonPrisa"
"/7811748/as_mob/tenis/infografia","as","mob","amazonPrisa"
"/7811748/as_mob/tenis/mas_tenis","as","mob","amazonPrisa"
"/7811748/as_mob/tenis/maS_tenis/portada","as","mob","amazonPrisa"
"/7811748/as_mob/tenis/masters_1000","as","mob","amazonPrisa"
"/7811748/as_mob/tenis/masters_1000/portada","as","mob","amazonPrisa"
"/7811748/as_mob/tenis/open_australia","as","mob","amazonPrisa"
"/7811748/as_mob/tenis/open_australia/portada","as","mob","amazonPrisa"
"/7811748/as_mob/tenis/portada","as","mob","amazonPrisa"
"/7811748/as_mob/tenis/reportajes","as","mob","amazonPrisa"
"/7811748/as_mob/tenis/roland_garros","as","mob","amazonPrisa"
"/7811748/as_mob/tenis/roland_garros/portada","as","mob","amazonPrisa"
"/7811748/as_mob/tenis/us_open","as","mob","amazonPrisa"
"/7811748/as_mob/tenis/us_open/portada","as","mob","amazonPrisa"
"/7811748/as_mob/tenis/videos","as","mob","amazonPrisa"
"/7811748/as_mob/tenis/wimbledon","as","mob","amazonPrisa"
"/7811748/as_mob/tenis/wimbledon/portada","as","mob","amazonPrisa"
"/7811748/as_mob/tikitakas/fotorrelato","as_tikitakas","mob","amazonPrisa"
"/7811748/as_mob/tikitakas/portada","as_tikitakas","mob","amazonPrisa"
"/7811748/as_mob/tikitakas/reportajes","as_tikitakas","mob","amazonPrisa"
"/7811748/as_mob/tikitakas/videos","as_tikitakas","mob","amazonPrisa"
"/7811748/as_mob/toros","as","mob","amazonPrisa"
"/7811748/as_mob/us/actualidad","as","mob","amazonPrisa"
"/7811748/as_mob/us/actualidad/portada","as","mob","amazonPrisa"
"/7811748/as_mob/us/directo","as","mob","amazonPrisa"
"/7811748/as_mob/us/fotogalerias","as","mob","amazonPrisa"
"/7811748/as_mob/us/futbol","as","mob","amazonPrisa"
"/7811748/as_mob/us/futbol/portada","as","mob","amazonPrisa"
"/7811748/as_mob/us/masdeporte","as","mob","amazonPrisa"
"/7811748/as_mob/us/mlb","as","mob","amazonPrisa"
"/7811748/as_mob/us/mlb/portada","as","mob","amazonPrisa"
"/7811748/as_mob/us/nfl/portada","as","mob","amazonPrisa"
"/7811748/as_mob/us/opinion","as","mob","amazonPrisa"
"/7811748/as_mob/us/portada","as","mob","amazonPrisa"
"/7811748/as_mob/us/reportajes","as","mob","amazonPrisa"
"/7811748/as_mob/us/tikitakas","as","mob","amazonPrisa"
"/7811748/as_mob/us/tikitakas/portada","as","mob","amazonPrisa"
"/7811748/as_mob/us/videos","as","mob","amazonPrisa"
"/7811748/as_mob/videos","as","mob","amazonPrisa"
"/7811748/as_mob/videos/portada","as","mob","amazonPrisa"
"/7811748/as_mob/videos/portada/portada","as","mob","amazonPrisa"
"/7811748/as_nba_mob","as_nba","mob","amazonPrisa"
"/7811748/as_nba_mob/portada","as_nba","mob","amazonPrisa"
"/7811748/as_nba_web","as_nba","web","amazonPrisa"
"/7811748/as_nba_web/portada","as_nba","web","amazonPrisa"
"/7811748/as_web/apuestas/noticias","as","web","amazonPrisa"
"/7811748/as_web/argentina/actualidad","as","web","amazonPrisa"
"/7811748/as_web/argentina/directo","as","web","amazonPrisa"
"/7811748/as_web/argentina/fotogalerias","as","web","amazonPrisa"
"/7811748/as_web/argentina/futbol","as","web","amazonPrisa"
"/7811748/as_web/argentina/infografia","as","web","amazonPrisa"
"/7811748/as_web/argentina/masdeporte","as","web","amazonPrisa"
"/7811748/as_web/argentina/portada","as","web","amazonPrisa"
"/7811748/as_web/argentina/reportajes","as","web","amazonPrisa"
"/7811748/as_web/argentina/tikitakas","as","web","amazonPrisa"
"/7811748/as_web/argentina/videos","as","web","amazonPrisa"
"/7811748/as_web/baloncesto","as_baloncesto","web","amazonPrisa"
"/7811748/as_web/baloncesto/acb","as_baloncesto","web","amazonPrisa"
"/7811748/as_web/baloncesto/copa_del_rey","as_baloncesto","web","amazonPrisa"
"/7811748/as_web/baloncesto/directo","as_baloncesto","web","amazonPrisa"
"/7811748/as_web/baloncesto/eurocup","as_baloncesto","web","amazonPrisa"
"/7811748/as_web/baloncesto/euroliga","as_baloncesto","web","amazonPrisa"
"/7811748/as_web/baloncesto/infografia","as_baloncesto","web","amazonPrisa"
"/7811748/as_web/baloncesto/mas_baloncesto","as_baloncesto","web","amazonPrisa"
"/7811748/as_web/baloncesto/mundial","as_baloncesto","web","amazonPrisa"
"/7811748/as_web/baloncesto/reportajes","as_baloncesto","web","amazonPrisa"
"/7811748/as_web/baloncesto/videos","as_baloncesto","web","amazonPrisa"
"/7811748/as_web/buenavida","as_buenavida","web","amazonPrisa"
"/7811748/as_web/buenavida/fotorrelato/portada","as_buenavida","web","amazonPrisa"
"/7811748/as_web/buscador","as","web","amazonPrisa"
"/7811748/as_web/chile/deporte_femenino","as","web","amazonPrisa"
"/7811748/as_web/chile/deportes_aventura","as","web","amazonPrisa"
"/7811748/as_web/chile/directo","as","web","amazonPrisa"
"/7811748/as_web/chile/fotogalerias","as","web","amazonPrisa"
"/7811748/as_web/chile/futbol","as","web","amazonPrisa"
"/7811748/as_web/chile/lomasvisto","as","web","amazonPrisa"
"/7811748/as_web/chile/masdeporte","as","web","amazonPrisa"
"/7811748/as_web/chile/opinion","as","web","amazonPrisa"
"/7811748/as_web/chile/portada","as","web","amazonPrisa"
"/7811748/as_web/chile/reportajes","as","web","amazonPrisa"
"/7811748/as_web/chile/tikitakas","as","web","amazonPrisa"
"/7811748/as_web/chile/videos","as","web","amazonPrisa"
"/7811748/as_web/ciclismo","as","web","amazonPrisa"
"/7811748/as_web/ciclismo/directo","as","web","amazonPrisa"
"/7811748/as_web/ciclismo/giro_de_italia","as","web","amazonPrisa"
"/7811748/as_web/ciclismo/infografia","as","web","amazonPrisa"
"/7811748/as_web/ciclismo/reportajes","as","web","amazonPrisa"
"/7811748/as_web/ciclismo/tour_de_francia","as","web","amazonPrisa"
"/7811748/as_web/ciclismo/videos","as","web","amazonPrisa"
"/7811748/as_web/ciclismo/vuelta_a_espana","as","web","amazonPrisa"
"/7811748/as_web/colombia/directo","as","web","amazonPrisa"
"/7811748/as_web/colombia/fotogalerias","as","web","amazonPrisa"
"/7811748/as_web/colombia/fotorrelato","as","web","amazonPrisa"
"/7811748/as_web/colombia/futbol","as","web","amazonPrisa"
"/7811748/as_web/colombia/infografia","as","web","amazonPrisa"
"/7811748/as_web/colombia/masdeporte","as","web","amazonPrisa"
"/7811748/as_web/colombia/masdeporte/portada","as","web","amazonPrisa"
"/7811748/as_web/colombia/opinion","as","web","amazonPrisa"
"/7811748/as_web/colombia/portada","as","web","amazonPrisa"
"/7811748/as_web/colombia/reportajes","as","web","amazonPrisa"
"/7811748/as_web/colombia/tikitakas","as","web","amazonPrisa"
"/7811748/as_web/colombia/videos","as","web","amazonPrisa"
"/7811748/as_web/deportes_accion","as","web","amazonPrisa"
"/7811748/as_web/deportes_accion/agua","as","web","amazonPrisa"
"/7811748/as_web/deportes_accion/mas_accion","as","web","amazonPrisa"
"/7811748/as_web/deportes_accion/mas_deportes","as","web","amazonPrisa"
"/7811748/as_web/deportes_accion/mtb","as","web","amazonPrisa"
"/7811748/as_web/deportes_accion/reportajes","as","web","amazonPrisa"
"/7811748/as_web/deportes_accion/snow","as","web","amazonPrisa"
"/7811748/as_web/deportes_accion/surf","as","web","amazonPrisa"
"/7811748/as_web/deportes_accion/tierra","as","web","amazonPrisa"
"/7811748/as_web/deportes_accion/urbano","as","web","amazonPrisa"
"/7811748/as_web/deporteyvida/videos","as","web","amazonPrisa"
"/7811748/as_web/en/infografia","as","web","amazonPrisa"
"/7811748/as_web/en/infografia/portada","as","web","amazonPrisa"
"/7811748/as_web/en/opinion","as","web","amazonPrisa"
"/7811748/as_web/en/portada","as","web","amazonPrisa"
"/7811748/as_web/en/reportajes","as","web","amazonPrisa"
"/7811748/as_web/en/videos","as","web","amazonPrisa"
"/7811748/as_web/encuestas","as","web","amazonPrisa"
"/7811748/as_web/entrevistas","as","web","amazonPrisa"
"/7811748/as_web/epik","as_epik","web","amazonPrisa"
"/7811748/as_web/epik/videos","as_epik","web","amazonPrisa"
"/7811748/as_web/epik/videos/portada","as_epik","web","amazonPrisa"
"/7811748/as_web/esports/league_of_legends","as_esports","web","amazonPrisa"
"/7811748/as_web/esports/mas_esports","as_esports","web","amazonPrisa"
"/7811748/as_web/fotogalerias/baloncesto","as","web","amazonPrisa"
"/7811748/as_web/fotogalerias/ciclismo","as","web","amazonPrisa"
"/7811748/as_web/fotogalerias/deportes_accion","as","web","amazonPrisa"
"/7811748/as_web/fotogalerias/en","as","web","amazonPrisa"
"/7811748/as_web/fotogalerias/epik","as","web","amazonPrisa"
"/7811748/as_web/fotogalerias/futbol","as","web","amazonPrisa"
"/7811748/as_web/fotogalerias/masdeporte","as","web","amazonPrisa"
"/7811748/as_web/fotogalerias/motor","as","web","amazonPrisa"
"/7811748/as_web/fotogalerias/ocio","as","web","amazonPrisa"
"/7811748/as_web/fotogalerias/tenis","as","web","amazonPrisa"
"/7811748/as_web/fotogalerias/tikitakas","as","web","amazonPrisa"
"/7811748/as_web/fotorrelato/baloncesto","as","web","amazonPrisa"
"/7811748/as_web/fotorrelato/deportes_accion","as","web","amazonPrisa"
"/7811748/as_web/fotorrelato/epik","as","web","amazonPrisa"
"/7811748/as_web/fotorrelato/futbol","as","web","amazonPrisa"
"/7811748/as_web/fotorrelato/masdeporte","as","web","amazonPrisa"
"/7811748/as_web/fotorrelato/motor","as","web","amazonPrisa"
"/7811748/as_web/fotorrelato/tenis","as","web","amazonPrisa"
"/7811748/as_web/futbol","as_futbol","web","amazonPrisa"
"/7811748/as_web/futbol/balon_oro","as_futbol","web","amazonPrisa"
"/7811748/as_web/futbol/copa_del_rey","as_futbol","web","amazonPrisa"
"/7811748/as_web/futbol/eurocopa","as_futbol","web","amazonPrisa"
"/7811748/as_web/futbol/eurocopa/especial","as_futbol","web","amazonPrisa"
"/7811748/as_web/futbol/europa_liga","as_futbol","web","amazonPrisa"
"/7811748/as_web/futbol/femenino","as_futbol","web","amazonPrisa"
"/7811748/as_web/futbol/infografia","as_futbol","web","amazonPrisa"
"/7811748/as_web/futbol/mas_futbol","as_futbol","web","amazonPrisa"
"/7811748/as_web/futbol/migrantes_del_balon","as_futbol","web","amazonPrisa"
"/7811748/as_web/futbol/mundial","as_futbol","web","amazonPrisa"
"/7811748/as_web/futbol/portada","as_futbol","web","amazonPrisa"
"/7811748/as_web/futbol/primera","as_futbol","web","amazonPrisa"
"/7811748/as_web/futbol/reportajes","as_futbol","web","amazonPrisa"
"/7811748/as_web/futbol/reportajes/portada","as_futbol","web","amazonPrisa"
"/7811748/as_web/futbol/segunda","as_futbol","web","amazonPrisa"
"/7811748/as_web/futbol/seleccion","as_futbol","web","amazonPrisa"
"/7811748/as_web/futbol/videos","as_futbol","web","amazonPrisa"
"/7811748/as_web/golf/masters_augusta","as","web","amazonPrisa"
"/7811748/as_web/lomasvisto","as","web","amazonPrisa"
"/7811748/as_web/masdeporte","as","web","amazonPrisa"
"/7811748/as_web/masdeporte/atletismo","as","web","amazonPrisa"
"/7811748/as_web/masdeporte/balonmano","as","web","amazonPrisa"
"/7811748/as_web/masdeporte/golf","as","web","amazonPrisa"
"/7811748/as_web/masdeporte/infografia","as","web","amazonPrisa"
"/7811748/as_web/masdeporte/infografia/portada","as","web","amazonPrisa"
"/7811748/as_web/masdeporte/juegosolimpicos","as","web","amazonPrisa"
"/7811748/as_web/masdeporte/juegosolimpicos/deportista","as","web","amazonPrisa"
"/7811748/as_web/masdeporte/mlb","as","web","amazonPrisa"
"/7811748/as_web/masdeporte/nfl","as","web","amazonPrisa"
"/7811748/as_web/masdeporte/nfl/portada","as","web","amazonPrisa"
"/7811748/as_web/masdeporte/videos","as","web","amazonPrisa"
"/7811748/as_web/mexico/actualidad/portada","as","web","amazonPrisa"
"/7811748/as_web/mexico/fotogalerias","as","web","amazonPrisa"
"/7811748/as_web/mexico/fotorrelato","as","web","amazonPrisa"
"/7811748/as_web/mexico/infografia","as","web","amazonPrisa"
"/7811748/as_web/mexico/masdeporte","as","web","amazonPrisa"
"/7811748/as_web/mexico/mlb","as","web","amazonPrisa"
"/7811748/as_web/mexico/nfl","as","web","amazonPrisa"
"/7811748/as_web/mexico/nfl/portada","as","web","amazonPrisa"
"/7811748/as_web/mexico/opinion","as","web","amazonPrisa"
"/7811748/as_web/mexico/portada","as","web","amazonPrisa"
"/7811748/as_web/mexico/reportajes","as","web","amazonPrisa"
"/7811748/as_web/mexico/videos","as","web","amazonPrisa"
"/7811748/as_web/motor","as_motor","web","amazonPrisa"
"/7811748/as_web/motor/directo","as_motor","web","amazonPrisa"
"/7811748/as_web/motor/formula_1","as_motor","web","amazonPrisa"
"/7811748/as_web/motor/infografia","as_motor","web","amazonPrisa"
"/7811748/as_web/motor/motociclismo","as_motor","web","amazonPrisa"
"/7811748/as_web/motor/motociclismo/portada","as_motor","web","amazonPrisa"
"/7811748/as_web/motor/rallies","as_motor","web","amazonPrisa"
"/7811748/as_web/motor/reportajes","as_motor","web","amazonPrisa"
"/7811748/as_web/motor/videos","as_motor","web","amazonPrisa"
"/7811748/as_web/ocio/cine","as","web","amazonPrisa"
"/7811748/as_web/ocio/conectados","as","web","amazonPrisa"
"/7811748/as_web/ocio/juegos","as","web","amazonPrisa"
"/7811748/as_web/ocio/musica","as","web","amazonPrisa"
"/7811748/as_web/ocio/salud","as","web","amazonPrisa"
"/7811748/as_web/ocio/television","as","web","amazonPrisa"
"/7811748/as_web/ocio/tikitakas","as","web","amazonPrisa"
"/7811748/as_web/opinion","as","web","amazonPrisa"
"/7811748/as_web/opinion/blogs","as","web","amazonPrisa"
"/7811748/as_web/peru/actualidad","as","web","amazonPrisa"
"/7811748/as_web/peru/actualidad/portada","as","web","amazonPrisa"
"/7811748/as_web/peru/directo","as","web","amazonPrisa"
"/7811748/as_web/peru/futbol","as","web","amazonPrisa"
"/7811748/as_web/peru/masdeporte","as","web","amazonPrisa"
"/7811748/as_web/peru/portada","as","web","amazonPrisa"
"/7811748/as_web/peru/reportajes","as","web","amazonPrisa"
"/7811748/as_web/portada","as","web","amazonPrisa"
"/7811748/as_web/resultados","as","web","amazonPrisa"
"/7811748/as_web/resultados/calendario","as","web","amazonPrisa"
"/7811748/as_web/resultados/clasificacion","as","web","amazonPrisa"
"/7811748/as_web/resultados/directo","as","web","amazonPrisa"
"/7811748/as_web/resultados/enjuego","as","web","amazonPrisa"
"/7811748/as_web/resultados/equipos","as","web","amazonPrisa"
"/7811748/as_web/resultados/equipos/dias","as","web","amazonPrisa"
"/7811748/as_web/resultados/estadisticas","as","web","amazonPrisa"
"/7811748/as_web/resultados/ficha","as","web","amazonPrisa"
"/7811748/as_web/resultados/ficha/deportista","as","web","amazonPrisa"
"/7811748/as_web/resultados/ficha/equipo","as","web","amazonPrisa"
"/7811748/as_web/resultados/integrantes","as","web","amazonPrisa"
"/7811748/as_web/resultados/jornada","as","web","amazonPrisa"
"/7811748/as_web/resultados/juegos_olimpicos","as","web","amazonPrisa"
"/7811748/as_web/resultados/quiniela","as","web","amazonPrisa"
"/7811748/as_web/resultados/ranking","as","web","amazonPrisa"
"/7811748/as_web/rss","as","web","amazonPrisa"
"/7811748/as_web/rugby/seis_naciones","as","web","amazonPrisa"
"/7811748/as_web/rugby/seis_naciones/portada","as","web","amazonPrisa"
"/7811748/as_web/servicios/horoscopo","as","web","amazonPrisa"
"/7811748/as_web/tag","as","web","amazonPrisa"
"/7811748/as_web/tags/blogs","as","web","amazonPrisa"
"/7811748/as_web/television/programas","as","web","amazonPrisa"
"/7811748/as_web/tenis","as","web","amazonPrisa"
"/7811748/as_web/tenis/copa_davis","as","web","amazonPrisa"
"/7811748/as_web/tenis/directo","as","web","amazonPrisa"
"/7811748/as_web/tenis/final_atp","as","web","amazonPrisa"
"/7811748/as_web/tenis/infografia","as","web","amazonPrisa"
"/7811748/as_web/tenis/mas_tenis","as","web","amazonPrisa"
"/7811748/as_web/tenis/mas_tenis/portada","as","web","amazonPrisa"
"/7811748/as_web/tenis/masters_1000","as","web","amazonPrisa"
"/7811748/as_web/tenis/open_australia","as","web","amazonPrisa"
"/7811748/as_web/tenis/reportajes","as","web","amazonPrisa"
"/7811748/as_web/tenis/roland_garros","as","web","amazonPrisa"
"/7811748/as_web/tenis/us_open","as","web","amazonPrisa"
"/7811748/as_web/tenis/videos","as","web","amazonPrisa"
"/7811748/as_web/tenis/wimbledon","as","web","amazonPrisa"
"/7811748/as_web/tikitakas/fotorrelato","as_tikitakas","web","amazonPrisa"
"/7811748/as_web/tikitakas/portada","as_tikitakas","web","amazonPrisa"
"/7811748/as_web/tikitakas/reportajes","as_tikitakas","web","amazonPrisa"
"/7811748/as_web/tikitakas/videos","as_tikitakas","web","amazonPrisa"
"/7811748/as_web/toros","as","web","amazonPrisa"
"/7811748/as_web/us/actualidad","as","web","amazonPrisa"
"/7811748/as_web/us/directo","as","web","amazonPrisa"
"/7811748/as_web/us/fotogalerias","as","web","amazonPrisa"
"/7811748/as_web/us/futbol","as","web","amazonPrisa"
"/7811748/as_web/us/masdeporte","as","web","amazonPrisa"
"/7811748/as_web/us/mlb","as","web","amazonPrisa"
"/7811748/as_web/us/opinion","as","web","amazonPrisa"
"/7811748/as_web/us/portada","as","web","amazonPrisa"
"/7811748/as_web/us/reportajes","as","web","amazonPrisa"
"/7811748/as_web/us/tikitakas","as","web","amazonPrisa"
"/7811748/as_web/videos","as","web","amazonPrisa"
"/7811748/elpais_web/cultura","elpais_cultura","web","amazonPrisa"
"/7811748/elpais_web/politica","elpais","web","amazonPrisa"
"/7811748/huffingtonpostob/blogs","huffingtonpost","mob","amazonPrisa"
"/7811748/huffingtonpostob/economia","huffingtonpost","mob","amazonPrisa"
"/7811748/huffingtonpostob/internacional","huffingtonpost","mob","amazonPrisa"
"/7811748/huffingtonpostob/noticias","huffingtonpost","mob","amazonPrisa"
"/7811748/huffingtonpostob/politica","huffingtonpost","mob","amazonPrisa"
"/7811748/huffingtonpostob/virales","huffingtonpost","mob","amazonPrisa"
"/7811748/huffingtonpost_web/life","huffingtonpost","web","amazonPrisa"
"/7811748/meristation_betech_mob/noticias","meristation_betech","mob","amazonPrisa"
"/7811748/meristation_betech_mob/portada","meristation_betech","mob","amazonPrisa"
"/7811748/meristation_betech_web/noticias","meristation_betech","web","amazonPrisa"
"/7811748/meristation_betech_web/portada","meristation_betech","web","amazonPrisa"
"/7811748/meristation_mob/analisis","meristation","mob","amazonPrisa"
"/7811748/meristation_mob/avances","meristation","mob","amazonPrisa"
"/7811748/meristation_mob/buscador","meristation","mob","amazonPrisa"
"/7811748/meristation_mob/demos","meristation","mob","amazonPrisa"
"/7811748/meristation_mob/descargas","meristation","mob","amazonPrisa"
"/7811748/meristation_mob/directo","meristation","mob","amazonPrisa"
"/7811748/meristation_mob/empresa","meristation","mob","amazonPrisa"
"/7811748/meristation_mob/empresas","meristation","mob","amazonPrisa"
"/7811748/meristation_mob/estaticos","meristation","mob","amazonPrisa"
"/7811748/meristation_mob/evento","meristation","mob","amazonPrisa"
"/7811748/meristation_mob/eventos","meristation","mob","amazonPrisa"
"/7811748/meristation_mob/fotogalerias","meristation","mob","amazonPrisa"
"/7811748/meristation_mob/guias","meristation","mob","amazonPrisa"
"/7811748/meristation_mob/juego","meristation","mob","amazonPrisa"
"/7811748/meristation_mob/juego/especial","meristation","mob","amazonPrisa"
"/7811748/meristation_mob/juegos","meristation","mob","amazonPrisa"
"/7811748/meristation_mob/lanzamientos","meristation","mob","amazonPrisa"
"/7811748/meristation_mob/mexico","meristation","mob","amazonPrisa"
"/7811748/meristation_mob/opinion","meristation","mob","amazonPrisa"
"/7811748/meristation_mob/plataformas/android","meristation","mob","amazonPrisa"
"/7811748/meristation_mob/plataformas/arcade","meristation","mob","amazonPrisa"
"/7811748/meristation_mob/plataformas/atari_2600","meristation","mob","amazonPrisa"
"/7811748/meristation_mob/plataformas/atari_8_bits","meristation","mob","amazonPrisa"
"/7811748/meristation_mob/plataformas/chicas_meristation","meristation","mob","amazonPrisa"
"/7811748/meristation_mob/plataformas/cine","meristation","mob","amazonPrisa"
"/7811748/meristation_mob/plataformas/computadora_personal","meristation","mob","amazonPrisa"
"/7811748/meristation_mob/plataformas/deporte_electronico","meristation","mob","amazonPrisa"
"/7811748/meristation_mob/plataformas/dreamcast","meristation","mob","amazonPrisa"
"/7811748/meristation_mob/plataformas/game_boy","meristation","mob","amazonPrisa"
"/7811748/meristation_mob/plataformas/game_boy_advance","meristation","mob","amazonPrisa"
"/7811748/meristation_mob/plataformas/game_boy_color","meristation","mob","amazonPrisa"
"/7811748/meristation_mob/plataformas/gamecube","meristation","mob","amazonPrisa"
"/7811748/meristation_mob/plataformas/ipad","meristation","mob","amazonPrisa"
"/7811748/meristation_mob/plataformas/iphone","meristation","mob","amazonPrisa"
"/7811748/meristation_mob/plataformas/mac_os_x","meristation","mob","amazonPrisa"
"/7811748/meristation_mob/plataformas/manga","meristation","mob","amazonPrisa"
"/7811748/meristation_mob/plataformas/megadrive","meristation","mob","amazonPrisa"
"/7811748/meristation_mob/plataformas/neo_geo","meristation","mob","amazonPrisa"
"/7811748/meristation_mob/plataformas/nes","meristation","mob","amazonPrisa"
"/7811748/meristation_mob/plataformas/nes/portada","meristation","mob","amazonPrisa"
"/7811748/meristation_mob/plataformas/nintendo_3ds","meristation","mob","amazonPrisa"
"/7811748/meristation_mob/plataformas/nintendo_64","meristation","mob","amazonPrisa"
"/7811748/meristation_mob/plataformas/nintendo_ds/portada","meristation","mob","amazonPrisa"
"/7811748/meristation_mob/plataformas/nintendo_switch","meristation","mob","amazonPrisa"
"/7811748/meristation_mob/plataformas/nintendo_wii_u","meristation","mob","amazonPrisa"
"/7811748/meristation_mob/plataformas/oculus_quest","meristation","mob","amazonPrisa"
"/7811748/meristation_mob/plataformas/oculus_rift","meristation","mob","amazonPrisa"
"/7811748/meristation_mob/plataformas/oculus_rift/portada","meristation","mob","amazonPrisa"
"/7811748/meristation_mob/plataformas/playstation","meristation","mob","amazonPrisa"
"/7811748/meristation_mob/plataformas/playstation_2","meristation","mob","amazonPrisa"
"/7811748/meristation_mob/plataformas/playstation_3","meristation","mob","amazonPrisa"
"/7811748/meristation_mob/plataformas/playstation_4","meristation","mob","amazonPrisa"
"/7811748/meristation_mob/plataformas/playstation_5","meristation","mob","amazonPrisa"
"/7811748/meristation_mob/plataformas/playstation_network","meristation","mob","amazonPrisa"
"/7811748/meristation_mob/plataformas/playstation_portable","meristation","mob","amazonPrisa"
"/7811748/meristation_mob/plataformas/playstation_vita","meristation","mob","amazonPrisa"
"/7811748/meristation_mob/plataformas/playstation_vr","meristation","mob","amazonPrisa"
"/7811748/meristation_mob/plataformas/stadia","meristation","mob","amazonPrisa"
"/7811748/meristation_mob/plataformas/super_nes","meristation","mob","amazonPrisa"
"/7811748/meristation_mob/plataformas/virtual_boy","meristation","mob","amazonPrisa"
"/7811748/meristation_mob/plataformas/wii_nintendo","meristation","mob","amazonPrisa"
"/7811748/meristation_mob/plataformas/xbox","meristation","mob","amazonPrisa"
"/7811748/meristation_mob/plataformas/xbox_360","meristation","mob","amazonPrisa"
"/7811748/meristation_mob/plataformas/xbox_one","meristation","mob","amazonPrisa"
"/7811748/meristation_mob/plataformas/xbox_one/portada","meristation","mob","amazonPrisa"
"/7811748/meristation_mob/plataformas/xbox_series_x","meristation","mob","amazonPrisa"
"/7811748/meristation_mob/portada","meristation","mob","amazonPrisa"
"/7811748/meristation_mob/reportajes","meristation","mob","amazonPrisa"
"/7811748/meristation_mob/tags","meristation","mob","amazonPrisa"
"/7811748/meristation_mob/top","meristation","mob","amazonPrisa"
"/7811748/meristation_mob/videos","meristation","mob","amazonPrisa"
"/7811748/meristation_web/analisis","meristation","web","amazonPrisa"
"/7811748/meristation_web/avances","meristation","web","amazonPrisa"
"/7811748/meristation_web/buscador","meristation","web","amazonPrisa"
"/7811748/meristation_web/demos","meristation","web","amazonPrisa"
"/7811748/meristation_web/demos/portada","meristation","web","amazonPrisa"
"/7811748/meristation_web/descargas","meristation","web","amazonPrisa"
"/7811748/meristation_web/directo","meristation","web","amazonPrisa"
"/7811748/meristation_web/empresa","meristation","web","amazonPrisa"
"/7811748/meristation_web/empresas","meristation","web","amazonPrisa"
"/7811748/meristation_web/estaticos","meristation","web","amazonPrisa"
"/7811748/meristation_web/evento","meristation","web","amazonPrisa"
"/7811748/meristation_web/juego","meristation","web","amazonPrisa"
"/7811748/meristation_web/juegos","meristation","web","amazonPrisa"
"/7811748/meristation_web/lanzamientos","meristation","web","amazonPrisa"
"/7811748/meristation_web/mexico","meristation","web","amazonPrisa"
"/7811748/meristation_web/mexico/portada","meristation","web","amazonPrisa"
"/7811748/meristation_web/plataformas/android","meristation","web","amazonPrisa"
"/7811748/meristation_web/plataformas/arcade","meristation","web","amazonPrisa"
"/7811748/meristation_web/plataformas/atari_2600","meristation","web","amazonPrisa"
"/7811748/meristation_web/plataformas/chicas_meristation","meristation","web","amazonPrisa"
"/7811748/meristation_web/plataformas/cine","meristation","web","amazonPrisa"
"/7811748/meristation_web/plataformas/computadora_personal","meristation","web","amazonPrisa"
"/7811748/meristation_web/plataformas/deporte_electronico","meristation","web","amazonPrisa"
"/7811748/meristation_web/plataformas/dreamcast","meristation","web","amazonPrisa"
"/7811748/meristation_web/plataformas/game_boy","meristation","web","amazonPrisa"
"/7811748/meristation_web/plataformas/game_boy_advance","meristation","web","amazonPrisa"
"/7811748/meristation_web/plataformas/gamecube","meristation","web","amazonPrisa"
"/7811748/meristation_web/plataformas/ipad","meristation","web","amazonPrisa"
"/7811748/meristation_web/plataformas/mac_os_x","meristation","web","amazonPrisa"
"/7811748/meristation_web/plataformas/manga","meristation","web","amazonPrisa"
"/7811748/meristation_web/plataformas/msx2","meristation","web","amazonPrisa"
"/7811748/meristation_web/plataformas/nintendo_64","meristation","web","amazonPrisa"
"/7811748/meristation_web/plataformas/nintendo_64/portada","meristation","web","amazonPrisa"
"/7811748/meristation_web/plataformas/nintendo_ds","meristation","web","amazonPrisa"
"/7811748/meristation_web/plataformas/nintendo_switch","meristation","web","amazonPrisa"
"/7811748/meristation_web/plataformas/nintendo_wii_u","meristation","web","amazonPrisa"
"/7811748/meristation_web/plataformas/oculus_rift","meristation","web","amazonPrisa"
"/7811748/meristation_web/plataformas/playstation","meristation","web","amazonPrisa"
"/7811748/meristation_web/plataformas/playstation_2","meristation","web","amazonPrisa"
"/7811748/meristation_web/plataformas/playstation_3","meristation","web","amazonPrisa"
"/7811748/meristation_web/plataformas/playstation_4","meristation","web","amazonPrisa"
"/7811748/meristation_web/plataformas/playstation_5","meristation","web","amazonPrisa"
"/7811748/meristation_web/plataformas/playstation_5/portada","meristation","web","amazonPrisa"
"/7811748/meristation_web/plataformas/playstation_network","meristation","web","amazonPrisa"
"/7811748/meristation_web/plataformas/playstation_portable","meristation","web","amazonPrisa"
"/7811748/meristation_web/plataformas/playstation_vita","meristation","web","amazonPrisa"
"/7811748/meristation_web/plataformas/playstation_vr","meristation","web","amazonPrisa"
"/7811748/meristation_web/plataformas/stadia","meristation","web","amazonPrisa"
"/7811748/meristation_web/plataformas/super_nes","meristation","web","amazonPrisa"
"/7811748/meristation_web/plataformas/xbox_360","meristation","web","amazonPrisa"
"/7811748/meristation_web/plataformas/xbox_one","meristation","web","amazonPrisa"
"/7811748/meristation_web/plataformas/xbox_series_x","meristation","web","amazonPrisa"
"/7811748/meristation_web/plataformas/zx_spectrum","meristation","web","amazonPrisa"
"/7811748/meristation_web/podcasts","meristation","web","amazonPrisa"
"/7811748/meristation_web/portada","meristation","web","amazonPrisa"
"/7811748/meristation_web/reportajes","meristation","web","amazonPrisa"
"/7811748/meristation_web/tags","meristation","web","amazonPrisa"
"/7811748/meristation_web/top","meristation","web","amazonPrisa"
"/7811748/meristation_web/trucos","meristation","web","amazonPrisa"
"/7811748/meristation_web/videos","meristation","web","amazonPrisa"
"dummySlot","sin identificar","any","amazonPrisa"
"prisa-argentina_tikitakas-mob-display-mldb1","as_tikitakas","mob","amazonPrisa"
"prisa-argentina_tikitakas-mob-display-mpu1","as_tikitakas","mob","amazonPrisa"
"prisa-argentina_tikitakas-mob-display-sticky","as_tikitakas","mob","amazonPrisa"
"prisa-argentina-mob-display-ldb1","as","mob","amazonPrisa"
"prisa-argentina-mob-display-mldb1","as","mob","amazonPrisa"
"prisa-argentina-mob-display-mldb2","as","mob","amazonPrisa"
"prisa-argentina-mob-display-mpu1","as","mob","amazonPrisa"
"prisa-argentina-mob-display-mpu2","as","mob","amazonPrisa"
"prisa-argentina-mob-display-sticky","as","mob","amazonPrisa"
"prisa-argentina-web-display-ldb1","as","web","amazonPrisa"
"prisa-argentina-web-display-mpu1","as","web","amazonPrisa"
"prisa-as_argentina-mob-display-4","as","mob","amazonPrisa"
"prisa-as_argentina-mob-display-5","as","mob","amazonPrisa"
"prisa-as_argentina-mob-display-ldb1","as","mob","amazonPrisa"
"prisa-as_argentina-mob-display-ldb2","as","mob","amazonPrisa"
"prisa-as_argentina-mob-display-ldb3","as","mob","amazonPrisa"
"prisa-as_argentina-mob-display-ldb4","as","mob","amazonPrisa"
"prisa-as_argentina-mob-display-ldb5","as","mob","amazonPrisa"
"prisa-as_argentina-mob-display-mldb2","as","mob","amazonPrisa"
"prisa-as_argentina-mob-display-mldb3","as","mob","amazonPrisa"
"prisa-as_argentina-mob-display-mldb4","as","mob","amazonPrisa"
"prisa-as_argentina-mob-display-mldb5","as","mob","amazonPrisa"
"prisa-as_argentina-mob-display-mpu3","as","mob","amazonPrisa"
"prisa-as_argentina-web-display-5","as","web","amazonPrisa"
"prisa-as_argentina-web-display-ldb2","as","web","amazonPrisa"
"prisa-as_argentina-web-display-ldb3","as","web","amazonPrisa"
"prisa-as_argentina-web-display-ldb4","as","web","amazonPrisa"
"prisa-as_argentina-web-display-ldb5","as","web","amazonPrisa"
"prisa-as_argentina-web-display-mldb1","as","web","amazonPrisa"
"prisa-as_argentina-web-display-mldb2","as","web","amazonPrisa"
"prisa-as_argentina-web-display-mldb3","as","web","amazonPrisa"
"prisa-as_argentina-web-display-mldb4","as","web","amazonPrisa"
"prisa-as_argentina-web-display-mldb5","as","web","amazonPrisa"
"prisa-as_argentina-web-display-mpu3","as","web","amazonPrisa"
"prisa-as_argentina-web-display-mpu4","as","web","amazonPrisa"
"prisa-as_argentina-web-display-mpu5","as","web","amazonPrisa"
"prisa-as_argentina-web-display-sticky","as","web","amazonPrisa"
"prisa-as_baloncesto-mob-display-mldb1","as_baloncesto","mob","amazonPrisa"
"prisa-as_baloncesto-mob-display-mldb2","as_baloncesto","mob","amazonPrisa"
"prisa-as_baloncesto-mob-display-mpu1","as_baloncesto","mob","amazonPrisa"
"prisa-as_baloncesto-mob-display-mpu2","as_baloncesto","mob","amazonPrisa"
"prisa-as_baloncesto-mob-display-mpu3","as_baloncesto","mob","amazonPrisa"
"prisa-as_baloncesto-mob-display-sticky","as_baloncesto","mob","amazonPrisa"
"prisa-as_betech-mob-display-5","as_betech","mob","amazonPrisa"
"prisa-as_betech-mob-display-ldb1","as_betech","mob","amazonPrisa"
"prisa-as_betech-mob-display-ldb2","as_betech","mob","amazonPrisa"
"prisa-as_betech-mob-display-mldb2","as_betech","mob","amazonPrisa"
"prisa-as_betech-mob-display-mpu4","as_betech","mob","amazonPrisa"
"prisa-as_betech-mob-display-mpu5","as_betech","mob","amazonPrisa"
"prisa-as_betech-web-display-5","as_betech","web","amazonPrisa"
"prisa-as_betech-web-display-ldb2","as_betech","web","amazonPrisa"
"prisa-as_betech-web-display-mldb1","as_betech","web","amazonPrisa"
"prisa-as_betech-web-display-mldb2","as_betech","web","amazonPrisa"
"prisa-as_betech-web-display-mpu4","as_betech","web","amazonPrisa"
"prisa-as_betech-web-display-mpu5","as_betech","web","amazonPrisa"
"prisa-as_buenavida-mob-display-ldb1","as_buenavida","mob","amazonPrisa"
"prisa-as_buenavida-mob-display-mldb1","as_buenavida","mob","amazonPrisa"
"prisa-as_buenavida-mob-display-mpu1","as_buenavida","mob","amazonPrisa"
"prisa-as_buenavida-mob-display-mpu2","as_buenavida","mob","amazonPrisa"
"prisa-as_buenavida-mob-display-mpu3","as_buenavida","mob","amazonPrisa"
"prisa-as_buenavida-mob-display-sticky","as_buenavida","mob","amazonPrisa"
"prisa-as_buenavida-web-display-ldb1","as_buenavida","web","amazonPrisa"
"prisa-as_buenavida-web-display-mldb1","as_buenavida","web","amazonPrisa"
"prisa-as_buenavida-web-display-mpu1","as_buenavida","web","amazonPrisa"
"prisa-as_buenavida-web-display-mpu2","as_buenavida","web","amazonPrisa"
"prisa-as_chile-mob-display-5","as","mob","amazonPrisa"
"prisa-as_chile-mob-display-ldb1","as","mob","amazonPrisa"
"prisa-as_chile-mob-display-ldb2","as","mob","amazonPrisa"
"prisa-as_chile-mob-display-ldb3","as","mob","amazonPrisa"
"prisa-as_chile-mob-display-ldb4","as","mob","amazonPrisa"
"prisa-as_chile-mob-display-ldb5","as","mob","amazonPrisa"
"prisa-as_chile-mob-display-mldb1","as","mob","amazonPrisa"
"prisa-as_chile-mob-display-mldb2","as","mob","amazonPrisa"
"prisa-as_chile-mob-display-mldb3","as","mob","amazonPrisa"
"prisa-as_chile-mob-display-mldb4","as","mob","amazonPrisa"
"prisa-as_chile-mob-display-mldb5","as","mob","amazonPrisa"
"prisa-as_chile-mob-display-mpu1","as","mob","amazonPrisa"
"prisa-as_chile-mob-display-mpu2","as","mob","amazonPrisa"
"prisa-as_chile-mob-display-mpu3","as","mob","amazonPrisa"
"prisa-as_chile-mob-display-mpu4","as","mob","amazonPrisa"
"prisa-as_chile-mob-display-mpu5","as","mob","amazonPrisa"
"prisa-as_chile-web-display-5","as","web","amazonPrisa"
"prisa-as_chile-web-display-ldb1","as","web","amazonPrisa"
"prisa-as_chile-web-display-ldb2","as","web","amazonPrisa"
"prisa-as_chile-web-display-ldb3","as","web","amazonPrisa"
"prisa-as_chile-web-display-ldb4","as","web","amazonPrisa"
"prisa-as_chile-web-display-ldb5","as","web","amazonPrisa"
"prisa-as_chile-web-display-mldb1","as","web","amazonPrisa"
"prisa-as_chile-web-display-mldb2","as","web","amazonPrisa"
"prisa-as_chile-web-display-mldb3","as","web","amazonPrisa"
"prisa-as_chile-web-display-mldb4","as","web","amazonPrisa"
"prisa-as_chile-web-display-mldb5","as","web","amazonPrisa"
"prisa-as_chile-web-display-mpu3","as","web","amazonPrisa"
"prisa-as_chile-web-display-mpu4","as","web","amazonPrisa"
"prisa-as_chile-web-display-mpu5","as","web","amazonPrisa"
"prisa-as_chile-web-display-sticky","as","web","amazonPrisa"
"prisa-as_ciencia-mob-display-ldb1","as","mob","amazonPrisa"
"prisa-as_ciencia-mob-display-ldb2","as","mob","amazonPrisa"
"prisa-as_ciencia-mob-display-mldb1","as","mob","amazonPrisa"
"prisa-as_ciencia-mob-display-mldb2","as","mob","amazonPrisa"
"prisa-as_ciencia-mob-display-mpu1","as","mob","amazonPrisa"
"prisa-as_ciencia-mob-display-mpu2","as","mob","amazonPrisa"
"prisa-as_ciencia-mob-display-mpu3","as","mob","amazonPrisa"
"prisa-as_ciencia-mob-display-sticky","as","mob","amazonPrisa"
"prisa-as_ciencia-web-display-ldb1","as","web","amazonPrisa"
"prisa-as_ciencia-web-display-ldb2","as","web","amazonPrisa"
"prisa-as_ciencia-web-display-mpu1","as","web","amazonPrisa"
"prisa-as_ciencia-web-display-mpu2","as","web","amazonPrisa"
"prisa-as_ciencia-web-display-mpu3","as","web","amazonPrisa"
"prisa-as_colombia-mob-display-ldb1","as","mob","amazonPrisa"
"prisa-as_colombia-mob-display-ldb2","as","mob","amazonPrisa"
"prisa-as_colombia-mob-display-ldb3","as","mob","amazonPrisa"
"prisa-as_colombia-mob-display-ldb4","as","mob","amazonPrisa"
"prisa-as_colombia-mob-display-ldb5","as","mob","amazonPrisa"
"prisa-as_colombia-mob-display-mldb1","as","mob","amazonPrisa"
"prisa-as_colombia-mob-display-mldb3","as","mob","amazonPrisa"
"prisa-as_colombia-mob-display-mldb4","as","mob","amazonPrisa"
"prisa-as_colombia-mob-display-mldb5","as","mob","amazonPrisa"
"prisa-as_colombia-mob-display-mpu3","as","mob","amazonPrisa"
"prisa-as_colombia-web-display-5","as","web","amazonPrisa"
"prisa-as_colombia-web-display-ldb1","as","web","amazonPrisa"
"prisa-as_colombia-web-display-ldb2","as","web","amazonPrisa"
"prisa-as_colombia-web-display-ldb3","as","web","amazonPrisa"
"prisa-as_colombia-web-display-ldb4","as","web","amazonPrisa"
"prisa-as_colombia-web-display-ldb5","as","web","amazonPrisa"
"prisa-as_colombia-web-display-mldb1","as","web","amazonPrisa"
"prisa-as_colombia-web-display-mldb2","as","web","amazonPrisa"
"prisa-as_colombia-web-display-mldb3","as","web","amazonPrisa"
"prisa-as_colombia-web-display-mldb4","as","web","amazonPrisa"
"prisa-as_colombia-web-display-mldb5","as","web","amazonPrisa"
"prisa-as_colombia-web-display-mpu4","as","web","amazonPrisa"
"prisa-as_colombia-web-display-sticky","as","web","amazonPrisa"
"prisa-as_economia-mob-display-ldb1","as","mob","amazonPrisa"
"prisa-as_economia-mob-display-ldb2","as","mob","amazonPrisa"
"prisa-as_economia-mob-display-mldb1","as","mob","amazonPrisa"
"prisa-as_economia-mob-display-mldb2","as","mob","amazonPrisa"
"prisa-as_economia-mob-display-mpu1","as","mob","amazonPrisa"
"prisa-as_economia-mob-display-mpu2","as","mob","amazonPrisa"
"prisa-as_economia-mob-display-mpu3","as","mob","amazonPrisa"
"prisa-as_economia-mob-display-sticky","as","mob","amazonPrisa"
"prisa-as_economia-web-display-ldb1","as","web","amazonPrisa"
"prisa-as_economia-web-display-ldb2","as","web","amazonPrisa"
"prisa-as_economia-web-display-mpu1","as","web","amazonPrisa"
"prisa-as_economia-web-display-mpu2","as","web","amazonPrisa"
"prisa-as_economia-web-display-mpu3","as","web","amazonPrisa"
"prisa-as_en-mob-display-4","as","mob","amazonPrisa"
"prisa-as_en-mob-display-5","as","mob","amazonPrisa"
"prisa-as_en-mob-display-ldb1","as","mob","amazonPrisa"
"prisa-as_en-mob-display-ldb2","as","mob","amazonPrisa"
"prisa-as_en-mob-display-ldb3","as","mob","amazonPrisa"
"prisa-as_en-mob-display-ldb4","as","mob","amazonPrisa"
"prisa-as_en-mob-display-ldb5","as","mob","amazonPrisa"
"prisa-as_en-mob-display-mldb2","as","mob","amazonPrisa"
"prisa-as_en-mob-display-mldb3","as","mob","amazonPrisa"
"prisa-as_en-mob-display-mldb4","as","mob","amazonPrisa"
"prisa-as_en-mob-display-mldb5","as","mob","amazonPrisa"
"prisa-as_en-mob-display-mpu1","as","mob","amazonPrisa"
"prisa-as_en-mob-display-mpu2","as","mob","amazonPrisa"
"prisa-as_en-mob-display-mpu3","as","mob","amazonPrisa"
"prisa-as_en-mob-display-mpu4","as","mob","amazonPrisa"
"prisa-as_en-web-display-4","as","web","amazonPrisa"
"prisa-as_en-web-display-5","as","web","amazonPrisa"
"prisa-as_en-web-display-ldb2","as","web","amazonPrisa"
"prisa-as_en-web-display-ldb3","as","web","amazonPrisa"
"prisa-as_en-web-display-ldb4","as","web","amazonPrisa"
"prisa-as_en-web-display-ldb5","as","web","amazonPrisa"
"prisa-as_en-web-display-mldb1","as","web","amazonPrisa"
"prisa-as_en-web-display-mldb2","as","web","amazonPrisa"
"prisa-as_en-web-display-mldb5","as","web","amazonPrisa"
"prisa-as_en-web-display-mpu3","as","web","amazonPrisa"
"prisa-as_en-web-display-mpu4","as","web","amazonPrisa"
"prisa-as_en-web-display-mpu5","as","web","amazonPrisa"
"prisa-as_en-web-display-sticky","as","web","amazonPrisa"
"prisa-as_epik-mob-display-ldb1","as_epik","mob","amazonPrisa"
"prisa-as_epik-mob-display-ldb2","as_epik","mob","amazonPrisa"
"prisa-as_epik-mob-display-mldb2","as_epik","mob","amazonPrisa"
"prisa-as_epik-mob-display-mpu2","as_epik","mob","amazonPrisa"
"prisa-as_epik-mob-display-mpu3","as_epik","mob","amazonPrisa"
"prisa-as_epik-mob-display-mpu4","as_epik","mob","amazonPrisa"
"prisa-as_epik-mob-display-mpu5","as_epik","mob","amazonPrisa"
"prisa-as_epik-web-display-ldb1","as_epik","web","amazonPrisa"
"prisa-as_epik-web-display-ldb2","as_epik","web","amazonPrisa"
"prisa-as_epik-web-display-mldb1","as_epik","web","amazonPrisa"
"prisa-as_epik-web-display-mldb2","as_epik","web","amazonPrisa"
"prisa-as_epik-web-display-mpu1","as_epik","web","amazonPrisa"
"prisa-as_epik-web-display-mpu3","as_epik","web","amazonPrisa"
"prisa-as_epik-web-display-mpu4","as_epik","web","amazonPrisa"
"prisa-as_epik-web-display-mpu5","as_epik","web","amazonPrisa"
"prisa-as_epik-web-display-sticky","as_epik","web","amazonPrisa"
"prisa-as_futbol-mob-display-ldb1","as_futbol","mob","amazonPrisa"
"prisa-as_futbol-mob-display-ldb2","as_futbol","mob","amazonPrisa"
"prisa-as_futbol-mob-display-mpu1","as_futbol","mob","amazonPrisa"
"prisa-as_futbol-mob-display-mpu3","as_futbol","mob","amazonPrisa"
"prisa-as_futbol-mob-display-sticky","as_futbol","mob","amazonPrisa"
"prisa-as_futbol-web-display-sticky","as_futbol","web","amazonPrisa"
"prisa-as_int-web-display-ldb1","as","web","amazonPrisa"
"prisa-as_int-web-display-ldb2","as","web","amazonPrisa"
"prisa-as_int-web-display-mpu1","as","web","amazonPrisa"
"prisa-as_juegos-mob-display-ldb1","as_juegos","mob","amazonPrisa"
"prisa-as_juegos-mob-display-ldb2","as_juegos","mob","amazonPrisa"
"prisa-as_juegos-mob-display-ldb4","as_juegos","mob","amazonPrisa"
"prisa-as_juegos-mob-display-ldb5","as_juegos","mob","amazonPrisa"
"prisa-as_juegos-mob-display-mldb1","as_juegos","mob","amazonPrisa"
"prisa-as_juegos-mob-display-mldb2","as_juegos","mob","amazonPrisa"
"prisa-as_juegos-mob-display-mldb4","as_juegos","mob","amazonPrisa"
"prisa-as_juegos-mob-display-mldb5","as_juegos","mob","amazonPrisa"
"prisa-as_juegos-mob-display-mpu1","as_juegos","mob","amazonPrisa"
"prisa-as_juegos-mob-display-mpu2","as_juegos","mob","amazonPrisa"
"prisa-as_juegos-mob-display-mpu3","as_juegos","mob","amazonPrisa"
"prisa-as_juegos-mob-display-mpu4","as_juegos","mob","amazonPrisa"
"prisa-as_juegos-mob-display-mpu5","as_juegos","mob","amazonPrisa"
"prisa-as_juegos-mob-display-sticky","as_juegos","mob","amazonPrisa"
"prisa-as_juegos-web-display-ldb1","as_juegos","web","amazonPrisa"
"prisa-as_juegos-web-display-ldb2","as_juegos","web","amazonPrisa"
"prisa-as_juegos-web-display-ldb4","as_juegos","web","amazonPrisa"
"prisa-as_juegos-web-display-ldb5","as_juegos","web","amazonPrisa"
"prisa-as_juegos-web-display-mldb1","as_juegos","web","amazonPrisa"
"prisa-as_juegos-web-display-mldb2","as_juegos","web","amazonPrisa"
"prisa-as_juegos-web-display-mldb5","as_juegos","web","amazonPrisa"
"prisa-as_juegos-web-display-mpu1","as_juegos","web","amazonPrisa"
"prisa-as_juegos-web-display-mpu2","as_juegos","web","amazonPrisa"
"prisa-as_juegos-web-display-mpu3","as_juegos","web","amazonPrisa"
"prisa-as_juegos-web-display-mpu4","as_juegos","web","amazonPrisa"
"prisa-as_juegos-web-display-mpu5","as_juegos","web","amazonPrisa"
"prisa-as_juegos-web-display-sticky","as_juegos","web","amazonPrisa"
"prisa-as_meristation-mob-display-ldb2","meristation","mob","amazonPrisa"
"prisa-as_meristation-web-display-mldb1","meristation","web","amazonPrisa"
"prisa-as_meristation-web-display-mldb2","meristation","web","amazonPrisa"
"prisa-as_mexico-mob-display-5","as","mob","amazonPrisa"
"prisa-as_mexico-mob-display-ldb2","as","mob","amazonPrisa"
"prisa-as_mexico-mob-display-ldb3","as","mob","amazonPrisa"
"prisa-as_mexico-mob-display-ldb5","as","mob","amazonPrisa"
"prisa-as_mexico-mob-display-mldb3","as","mob","amazonPrisa"
"prisa-as_mexico-mob-display-mldb5","as","mob","amazonPrisa"
"prisa-as_mexico-web-display-4","as","web","amazonPrisa"
"prisa-as_mexico-web-display-5","as","web","amazonPrisa"
"prisa-as_mexico-web-display-ldb2","as","web","amazonPrisa"
"prisa-as_mexico-web-display-ldb3","as","web","amazonPrisa"
"prisa-as_mexico-web-display-ldb5","as","web","amazonPrisa"
"prisa-as_mexico-web-display-mldb1","as","web","amazonPrisa"
"prisa-as_mexico-web-display-mldb2","as","web","amazonPrisa"
"prisa-as_mexico-web-display-mldb3","as","web","amazonPrisa"
"prisa-as_mexico-web-display-mldb5","as","web","amazonPrisa"
"prisa-as_mexico-web-display-mpu3","as","web","amazonPrisa"
"prisa-as_mexico-web-display-mpu4","as","web","amazonPrisa"
"prisa-as_mexico-web-display-sticky","as","web","amazonPrisa"
"prisa-as_motor-mob-display-mldb1","as_motor","mob","amazonPrisa"
"prisa-as_motor-mob-display-mldb2","as_motor","mob","amazonPrisa"
"prisa-as_motor-mob-display-mpu1","as_motor","mob","amazonPrisa"
"prisa-as_motor-mob-display-mpu2","as_motor","mob","amazonPrisa"
"prisa-as_motor-mob-display-mpu3","as_motor","mob","amazonPrisa"
"prisa-as_motor-mob-display-sticky","as_motor","mob","amazonPrisa"
"prisa-as_motor-web-display-ldb1","as_motor","web","amazonPrisa"
"prisa-as_motor-web-display-mpu1","as_motor","web","amazonPrisa"
"prisa-as_motor-web-display-mpu2","as_motor","web","amazonPrisa"
"prisa-as_nba-mob-display-5","as_nba","mob","amazonPrisa"
"prisa-as_nba-mob-display-ldb1","as_nba","mob","amazonPrisa"
"prisa-as_nba-mob-display-ldb2","as_nba","mob","amazonPrisa"
"prisa-as_nba-mob-display-mldb1","as_nba","mob","amazonPrisa"
"prisa-as_nba-mob-display-mldb2","as_nba","mob","amazonPrisa"
"prisa-as_nba-mob-display-mpu1","as_nba","mob","amazonPrisa"
"prisa-as_nba-mob-display-mpu2","as_nba","mob","amazonPrisa"
"prisa-as_nba-mob-display-mpu3","as_nba","mob","amazonPrisa"
"prisa-as_nba-mob-display-mpu4","as_nba","mob","amazonPrisa"
"prisa-as_nba-mob-display-mpu5","as_nba","mob","amazonPrisa"
"prisa-as_nba-mob-display-sticky","as_nba","mob","amazonPrisa"
"prisa-as_nba-web-display-5","as_nba","web","amazonPrisa"
"prisa-as_nba-web-display-ldb1","as_nba","web","amazonPrisa"
"prisa-as_nba-web-display-ldb2","as_nba","web","amazonPrisa"
"prisa-as_nba-web-display-mldb1","as_nba","web","amazonPrisa"
"prisa-as_nba-web-display-mldb2","as_nba","web","amazonPrisa"
"prisa-as_nba-web-display-mpu1","as_nba","web","amazonPrisa"
"prisa-as_nba-web-display-mpu2","as_nba","web","amazonPrisa"
"prisa-as_nba-web-display-mpu3","as_nba","web","amazonPrisa"
"prisa-as_nba-web-display-mpu4","as_nba","web","amazonPrisa"
"prisa-as_nba-web-display-mpu5","as_nba","web","amazonPrisa"
"prisa-as_nba-web-display-sticky","as_nba","web","amazonPrisa"
"prisa-as_peru-mob-display-5","as","mob","amazonPrisa"
"prisa-as_peru-mob-display-ldb1","as","mob","amazonPrisa"
"prisa-as_peru-mob-display-ldb2","as","mob","amazonPrisa"
"prisa-as_peru-mob-display-ldb3","as","mob","amazonPrisa"
"prisa-as_peru-mob-display-ldb4","as","mob","amazonPrisa"
"prisa-as_peru-mob-display-ldb5","as","mob","amazonPrisa"
"prisa-as_peru-mob-display-mldb1","as","mob","amazonPrisa"
"prisa-as_peru-mob-display-mldb2","as","mob","amazonPrisa"
"prisa-as_peru-mob-display-mldb3","as","mob","amazonPrisa"
"prisa-as_peru-mob-display-mldb4","as","mob","amazonPrisa"
"prisa-as_peru-mob-display-mldb5","as","mob","amazonPrisa"
"prisa-as_peru-mob-display-mpu4","as","mob","amazonPrisa"
"prisa-as_peru-web-display-5","as","web","amazonPrisa"
"prisa-as_peru-web-display-ldb1","as","web","amazonPrisa"
"prisa-as_peru-web-display-ldb2","as","web","amazonPrisa"
"prisa-as_peru-web-display-ldb3","as","web","amazonPrisa"
"prisa-as_peru-web-display-ldb4","as","web","amazonPrisa"
"prisa-as_peru-web-display-ldb5","as","web","amazonPrisa"
"prisa-as_peru-web-display-mldb1","as","web","amazonPrisa"
"prisa-as_peru-web-display-mldb2","as","web","amazonPrisa"
"prisa-as_peru-web-display-mldb3","as","web","amazonPrisa"
"prisa-as_peru-web-display-mldb4","as","web","amazonPrisa"
"prisa-as_peru-web-display-mldb5","as","web","amazonPrisa"
"prisa-as_peru-web-display-mpu3","as","web","amazonPrisa"
"prisa-as_peru-web-display-mpu4","as","web","amazonPrisa"
"prisa-as_peru-web-display-sticky","as","web","amazonPrisa"
"prisa-as_resultados-web-display-mldb1","as","web","amazonPrisa"
"prisa-as_resultados-web-display-mldb2","as","web","amazonPrisa"
"prisa-as_resultados-web-display-sticky","as","web","amazonPrisa"
"prisa-as_results-web-display-ldb1","as","web","amazonPrisa"
"prisa-as_results-web-display-ldb2","as","web","amazonPrisa"
"prisa-as_results-web-display-mpu1","as","web","amazonPrisa"
"prisa-as_sa-mob-display-mpu1","as","mob","amazonPrisa"
"prisa-as_sa-mob-display-mpu2","as","mob","amazonPrisa"
"prisa-as_sa-mob-display-mpu5","as","mob","amazonPrisa"
"prisa-as_sa-web-display-5","as","web","amazonPrisa"
"prisa-as_sa-web-display-ldb1","as","web","amazonPrisa"
"prisa-as_sa-web-display-ldb2","as","web","amazonPrisa"
"prisa-as_sa-web-display-mpu1","as","web","amazonPrisa"
"prisa-as_sa-web-display-mpu2","as","web","amazonPrisa"
"prisa-as_sa-web-display-mpu3","as","web","amazonPrisa"
"prisa-as_sa-web-display-mpu4","as","web","amazonPrisa"
"prisa-as_sa-web-display-mpu5","as","web","amazonPrisa"
"prisa-as_sa-web-display-sticky","as","web","amazonPrisa"
"prisa-as_servicios-mob-display-ldb1","as","mob","amazonPrisa"
"prisa-as_servicios-mob-display-ldb2","as","mob","amazonPrisa"
"prisa-as_servicios-mob-display-mldb1","as","mob","amazonPrisa"
"prisa-as_servicios-mob-display-mldb2","as","mob","amazonPrisa"
"prisa-as_servicios-mob-display-mpu1","as","mob","amazonPrisa"
"prisa-as_servicios-mob-display-mpu2","as","mob","amazonPrisa"
"prisa-as_servicios-mob-display-sticky","as","mob","amazonPrisa"
"prisa-as_servicios-web-display-ldb1","as","web","amazonPrisa"
"prisa-as_servicios-web-display-ldb2","as","web","amazonPrisa"
"prisa-as_servicios-web-display-mldb1","as","web","amazonPrisa"
"prisa-as_servicios-web-display-mpu1","as","web","amazonPrisa"
"prisa-as_servicios-web-display-mpu2","as","web","amazonPrisa"
"prisa-as_servicios-web-display-sticky","as","web","amazonPrisa"
"prisa-as_tikitakas-mob-display-5","as_tikitakas","mob","amazonPrisa"
"prisa-as_tikitakas-mob-display-ldb2","as_tikitakas","mob","amazonPrisa"
"prisa-as_tikitakas-web-display-5","as_tikitakas","web","amazonPrisa"
"prisa-as_tikitakas-web-display-mldb1","as_tikitakas","web","amazonPrisa"
"prisa-as_tikitakas-web-display-mldb2","as_tikitakas","web","amazonPrisa"
"prisa-as_us-mob-display-5","as","mob","amazonPrisa"
"prisa-as_us-mob-display-ldb1","as","mob","amazonPrisa"
"prisa-as_us-mob-display-ldb2","as","mob","amazonPrisa"
"prisa-as_us-mob-display-ldb3","as","mob","amazonPrisa"
"prisa-as_us-mob-display-ldb4","as","mob","amazonPrisa"
"prisa-as_us-mob-display-ldb5","as","mob","amazonPrisa"
"prisa-as_us-mob-display-mldb3","as","mob","amazonPrisa"
"prisa-as_us-web-display-5","as","web","amazonPrisa"
"prisa-as_us-web-display-ldb5","as","web","amazonPrisa"
"prisa-as_us-web-display-mldb1","as","web","amazonPrisa"
"prisa-as_us-web-display-mldb2","as","web","amazonPrisa"
"prisa-as_us-web-display-mldb3","as","web","amazonPrisa"
"prisa-as_us-web-display-mldb4","as","web","amazonPrisa"
"prisa-as_us-web-display-mldb5","as","web","amazonPrisa"
"prisa-as_us-web-display-sticky","as","web","amazonPrisa"
"prisa-as-mob-display-4","as","mob","amazonPrisa"
"prisa-as-mob-display-ldb3","as","mob","amazonPrisa"
"prisa-as-mob-display-ldb5","as","mob","amazonPrisa"
"prisa-as-mob-display-mldb3","as","mob","amazonPrisa"
"prisa-as-mob-display-mldb4","as","mob","amazonPrisa"
"prisa-as-mob-display-sticky5","as","mob","amazonPrisa"
"prisa-as-mob-display-undefined","as","mob","amazonPrisa"
"prisa-as-web-display-4","as","web","amazonPrisa"
"prisa-as-web-display-ldb3","as","web","amazonPrisa"
"prisa-as-web-display-ldb4","as","web","amazonPrisa"
"prisa-as-web-display-ldb5","as","web","amazonPrisa"
"prisa-as-web-display-mldb3","as","web","amazonPrisa"
"prisa-as-web-display-mldb4","as","web","amazonPrisa"
"prisa-as-web-display-mpu1","as","web","amazonPrisa"
"prisa-cadenadial-web-display-ldb1","cadenadial","web","amazonPrisa"
"prisa-cadenadial-web-display-ldb2","cadenadial","web","amazonPrisa"
"prisa-cadenadial-web-display-mpu1","cadenadial","web","amazonPrisa"
"prisa-cadenadial-web-display-mpu2","cadenadial","web","amazonPrisa"
"prisa-cadenadial-web-display-mpu3","cadenadial","web","amazonPrisa"
"prisa-chile_tikitakas-mob-display-mldb1","as_tikitakas","mob","amazonPrisa"
"prisa-chile_tikitakas-mob-display-mpu1","as_tikitakas","mob","amazonPrisa"
"prisa-chile-mob-display-ldb1","as","mob","amazonPrisa"
"prisa-chile-mob-display-mldb1","as","mob","amazonPrisa"
"prisa-chile-mob-display-mldb2","as","mob","amazonPrisa"
"prisa-chile-mob-display-mldb3","as","mob","amazonPrisa"
"prisa-chile-mob-display-mldb4","as","mob","amazonPrisa"
"prisa-chile-mob-display-mpu1","as","mob","amazonPrisa"
"prisa-chile-mob-display-mpu2","as","mob","amazonPrisa"
"prisa-chile-mob-display-mpu3","as","mob","amazonPrisa"
"prisa-chile-mob-display-mpu4","as","mob","amazonPrisa"
"prisa-chile-mob-display-mpu5","as","mob","amazonPrisa"
"prisa-chile-mob-display-sticky","as","mob","amazonPrisa"
"prisa-chile-web-display-ldb1","as","web","amazonPrisa"
"prisa-chile-web-display-mpu1","as","web","amazonPrisa"
"prisa-colombia_tikitakas-mob-display-mldb1","as_tikitakas","mob","amazonPrisa"
"prisa-colombia_tikitakas-mob-display-mpu1","as_tikitakas","mob","amazonPrisa"
"prisa-colombia_tikitakas-mob-display-sticky","as_tikitakas","mob","amazonPrisa"
"prisa-colombia-mob-display-mldb1","as","mob","amazonPrisa"
"prisa-colombia-mob-display-mldb2","as","mob","amazonPrisa"
"prisa-colombia-mob-display-mldb4","as","mob","amazonPrisa"
"prisa-colombia-mob-display-mpu1","as","mob","amazonPrisa"
"prisa-colombia-mob-display-mpu2","as","mob","amazonPrisa"
"prisa-colombia-mob-display-sticky","as","mob","amazonPrisa"
"prisa-colombia-web-display-ldb1","as","web","amazonPrisa"
"prisa-colombia-web-display-ldb2","as","web","amazonPrisa"
"prisa-colombia-web-display-mpu1","as","web","amazonPrisa"
"prisa-elpais_babelia-web-display-ldb1","elpais_babelia","web","amazonPrisa"
"prisa-elpais_babelia-web-display-mpu1","elpais_babelia","web","amazonPrisa"
"prisa-elpais_babelia-web-display-mpu2","elpais_babelia","web","amazonPrisa"
"prisa-elpais_economia-mob-display-mldb1","elpais_finanzas_economia","mob","amazonPrisa"
"prisa-elpais_economia-mob-display-mpu1","elpais_finanzas_economia","mob","amazonPrisa"
"prisa-elpais_economia-mob-display-mpu2","elpais_finanzas_economia","mob","amazonPrisa"
"prisa-elpais_economia-mob-display-mpu3","elpais_finanzas_economia","mob","amazonPrisa"
"prisa-elpais_economia-mob-display-sticky5","elpais_finanzas_economia","mob","amazonPrisa"
"prisa-elpais_economia-web-display-ldb1","elpais_finanzas_economia","web","amazonPrisa"
"prisa-elpais_economia-web-display-mpu1","elpais_finanzas_economia","web","amazonPrisa"
"prisa-elpais_economia-web-display-mpu2","elpais_finanzas_economia","web","amazonPrisa"
"prisa-elpais_economia-web-display-mpu3","elpais_finanzas_economia","web","amazonPrisa"
"prisa-elpais_elcomidista-web-display-ldb1","elpais_comidista","web","amazonPrisa"
"prisa-elpais_elcomidista-web-display-mpu1","elpais_comidista","web","amazonPrisa"
"prisa-elpais_elcomidista-web-display-mpu2","elpais_comidista","web","amazonPrisa"
"prisa-elpais-mob-display-mldb1","elpais","mob","amazonPrisa"
"prisa-elpais-mob-display-mldb3","elpais","mob","amazonPrisa"
"prisa-elpais-mob-display-mpu1","elpais","mob","amazonPrisa"
"prisa-elpais-mob-display-mpu2","elpais","mob","amazonPrisa"
"prisa-elpais-mob-display-sticky","elpais","mob","amazonPrisa"
"prisa-elpais-mob-display-sticky5","elpais","mob","amazonPrisa"
"prisa-elpais-web-display-ldb1","elpais","web","amazonPrisa"
"prisa-elpais-web-display-ldb2","elpais","web","amazonPrisa"
"prisa-elpais-web-display-ldb3","elpais","web","amazonPrisa"
"prisa-elpais-web-display-mpu1","elpais","web","amazonPrisa"
"prisa-elpais-web-display-mpu2","elpais","web","amazonPrisa"
"prisa-elpais-web-display-mpu3","elpais","web","amazonPrisa"
"prisa-elpais-web-display-mpu4","elpais","web","amazonPrisa"
"prisa-elpais-web-display-mpu5","elpais","web","amazonPrisa"
"prisa-elpais-web-display-sticky5","elpais","web","amazonPrisa"
"prisa-en-mob-display-mldb1","as","mob","amazonPrisa"
"prisa-en-mob-display-mldb2","as","mob","amazonPrisa"
"prisa-en-mob-display-mpu1","as","mob","amazonPrisa"
"prisa-en-mob-display-mpu2","as","mob","amazonPrisa"
"prisa-en-mob-display-mpu3","as","mob","amazonPrisa"
"prisa-en-mob-display-mpu4","as","mob","amazonPrisa"
"prisa-en-mob-display-sticky","as","mob","amazonPrisa"
"prisa-en-web-display-ldb1","as","web","amazonPrisa"
"prisa-en-web-display-mpu1","as","web","amazonPrisa"
"prisa-en-web-display-mpu2","as","web","amazonPrisa"
"prisa-en-web-display-mpu3","as","web","amazonPrisa"
"prisa-en-web-display-sticky","as","web","amazonPrisa"
"prisa-huffingtonpost_ciencia-mob-display-mldb1","huffingtonpost","mob","amazonPrisa"
"prisa-huffingtonpost_ciencia-mob-display-mpu1","huffingtonpost","mob","amazonPrisa"
"prisa-huffingtonpost_ciencia-mob-display-mpu2","huffingtonpost","mob","amazonPrisa"
"prisa-huffingtonpost_ciencia-mob-display-mpu3","huffingtonpost","mob","amazonPrisa"
"prisa-huffingtonpost_ciencia-web-display-ldb1","huffingtonpost","web","amazonPrisa"
"prisa-huffingtonpost_ciencia-web-display-ldb2","huffingtonpost","web","amazonPrisa"
"prisa-huffingtonpost_ciencia-web-display-ldb3","huffingtonpost","web","amazonPrisa"
"prisa-huffingtonpost_ciencia-web-display-mpu1","huffingtonpost","web","amazonPrisa"
"prisa-huffingtonpost_ciencia-web-display-mpu2","huffingtonpost","web","amazonPrisa"
"prisa-huffingtonpost_ciencia-web-display-mpu3","huffingtonpost","web","amazonPrisa"
"prisa-huffingtonpost_ciencia-web-display-mpu4","huffingtonpost","web","amazonPrisa"
"prisa-huffingtonpost_ciencia-web-display-mpu5","huffingtonpost","web","amazonPrisa"
"prisa-huffingtonpost_economia-mob-display-ldb1","huffingtonpost","mob","amazonPrisa"
"prisa-huffingtonpost_economia-mob-display-ldb2","huffingtonpost","mob","amazonPrisa"
"prisa-huffingtonpost_economia-mob-display-ldb3","huffingtonpost","mob","amazonPrisa"
"prisa-huffingtonpost_economia-mob-display-mldb1","huffingtonpost","mob","amazonPrisa"
"prisa-huffingtonpost_economia-mob-display-mpu1","huffingtonpost","mob","amazonPrisa"
"prisa-huffingtonpost_economia-mob-display-mpu3","huffingtonpost","mob","amazonPrisa"
"prisa-huffingtonpost_economia-mob-display-mpu4","huffingtonpost","mob","amazonPrisa"
"prisa-huffingtonpost_economia-mob-display-mpu5","huffingtonpost","mob","amazonPrisa"
"prisa-huffingtonpost_economia-mob-display-sticky","huffingtonpost","mob","amazonPrisa"
"prisa-huffingtonpost_economia-web-display-ldb2","huffingtonpost","web","amazonPrisa"
"prisa-huffingtonpost_economia-web-display-ldb3","huffingtonpost","web","amazonPrisa"
"prisa-huffingtonpost_economia-web-display-mpu1","huffingtonpost","web","amazonPrisa"
"prisa-huffingtonpost_economia-web-display-mpu2","huffingtonpost","web","amazonPrisa"
"prisa-huffingtonpost_economia-web-display-mpu3","huffingtonpost","web","amazonPrisa"
"prisa-huffingtonpost_economia-web-display-mpu4","huffingtonpost","web","amazonPrisa"
"prisa-huffingtonpost_economia-web-display-mpu5","huffingtonpost","web","amazonPrisa"
"prisa-huffingtonpost-mob-display-ldb1","huffingtonpost","mob","amazonPrisa"
"prisa-huffingtonpost-mob-display-ldb2","huffingtonpost","mob","amazonPrisa"
"prisa-huffingtonpost-mob-display-ldb3","huffingtonpost","mob","amazonPrisa"
"prisa-huffingtonpost-mob-display-mpu3","huffingtonpost","mob","amazonPrisa"
"prisa-huffingtonpost-mob-display-mpu4","huffingtonpost","mob","amazonPrisa"
"prisa-huffingtonpost-mob-display-mpu5","huffingtonpost","mob","amazonPrisa"
"prisa-huffingtonpost-web-display-ldb1","huffingtonpost","web","amazonPrisa"
"prisa-huffingtonpost-web-display-ldb2","huffingtonpost","web","amazonPrisa"
"prisa-huffingtonpost-web-display-ldb3","huffingtonpost","web","amazonPrisa"
"prisa-huffingtonpost-web-display-mldb1","huffingtonpost","web","amazonPrisa"
"prisa-huffingtonpost-web-display-mpu1","huffingtonpost","web","amazonPrisa"
"prisa-huffingtonpost-web-display-mpu2","huffingtonpost","web","amazonPrisa"
"prisa-huffingtonpost-web-display-mpu3","huffingtonpost","web","amazonPrisa"
"prisa-huffingtonpost-web-display-mpu4","huffingtonpost","web","amazonPrisa"
"prisa-huffingtonpost-web-display-mpu5","huffingtonpost","web","amazonPrisa"
"prisa-los40-mob-display-mldb1","los40","mob","amazonPrisa"
"prisa-los40-mob-display-mldb2","los40","mob","amazonPrisa"
"prisa-los40-mob-display-mpu1","los40","mob","amazonPrisa"
"prisa-los40-mob-display-mpu3","los40","mob","amazonPrisa"
"prisa-los40-mob-display-mpu4","los40","mob","amazonPrisa"
"prisa-los40-mob-display-mpu5","los40","mob","amazonPrisa"
"prisa-los40-web-display-ldb1","los40","web","amazonPrisa"
"prisa-los40-web-display-ldb2","los40","web","amazonPrisa"
"prisa-los40-web-display-ldb3","los40","web","amazonPrisa"
"prisa-los40-web-display-ldb4","los40","web","amazonPrisa"
"prisa-los40-web-display-ldb5","los40","web","amazonPrisa"
"prisa-los40-web-display-mpu1","los40","web","amazonPrisa"
"prisa-los40-web-display-mpu2","los40","web","amazonPrisa"
"prisa-los40-web-display-mpu3","los40","web","amazonPrisa"
"prisa-mexico_tikitakas-web-display-ldb1","as_tikitakas","web","amazonPrisa"
"prisa-mexico_tikitakas-web-display-mpu1","as_tikitakas","web","amazonPrisa"
"prisa-mexico-mob-display-mldb1","as","mob","amazonPrisa"
"prisa-mexico-mob-display-mldb2","as","mob","amazonPrisa"
"prisa-mexico-mob-display-mldb3","as","mob","amazonPrisa"
"prisa-mexico-mob-display-mldb5","as","mob","amazonPrisa"
"prisa-mexico-mob-display-mpu1","as","mob","amazonPrisa"
"prisa-mexico-mob-display-mpu2","as","mob","amazonPrisa"
"prisa-mexico-mob-display-mpu3","as","mob","amazonPrisa"
"prisa-mexico-mob-display-mpu4","as","mob","amazonPrisa"
"prisa-mexico-mob-display-mpu5","as","mob","amazonPrisa"
"prisa-mexico-mob-display-sticky","as","mob","amazonPrisa"
"prisa-mexico-web-display-ldb1","as","web","amazonPrisa"
"prisa-mexico-web-display-ldb2","as","web","amazonPrisa"
"prisa-mexico-web-display-mpu1","as","web","amazonPrisa"
"prisa-mexico-web-display-mpu2","as","web","amazonPrisa"
"prisa-mexico-web-display-mpu3","as","web","amazonPrisa"
"prisa-mexico-web-display-mpu4","as","web","amazonPrisa"
"prisa-mexico-web-display-mpu5","as","web","amazonPrisa"
"prisa-m-mob-display-mldb1","sin identificar","mob","amazonPrisa"
"prisa-m-mob-display-mpu1","sin identificar","mob","amazonPrisa"
"prisa-m-mob-display-mpu2","sin identificar","mob","amazonPrisa"
"prisa-m-mob-display-mpu3","sin identificar","mob","amazonPrisa"
"prisa-peru-mob-display-ldb1","as","mob","amazonPrisa"
"prisa-peru-mob-display-mldb1","as","mob","amazonPrisa"
"prisa-peru-mob-display-mldb2","as","mob","amazonPrisa"
"prisa-peru-mob-display-mpu1","as","mob","amazonPrisa"
"prisa-peru-mob-display-mpu2","as","mob","amazonPrisa"
"prisa-peru-mob-display-mpu3","as","mob","amazonPrisa"
"prisa-peru-mob-display-mpu4","as","mob","amazonPrisa"
"prisa-peru-mob-display-sticky","as","mob","amazonPrisa"
"prisa-peru-web-display-ldb1","as","web","amazonPrisa"
"prisa-peru-web-display-ldb2","as","web","amazonPrisa"
"prisa-peru-web-display-mpu1","as","web","amazonPrisa"
"prisa-peru-web-display-mpu2","as","web","amazonPrisa"
"prisa-resultados-mob-display-ldb1","as","mob","amazonPrisa"
"prisa-resultados-mob-display-ldb2","as","mob","amazonPrisa"
"prisa-resultados-mob-display-mldb1","as","mob","amazonPrisa"
"prisa-resultados-mob-display-mldb2","as","mob","amazonPrisa"
"prisa-resultados-mob-display-mpu1","as","mob","amazonPrisa"
"prisa-resultados-mob-display-mpu2","as","mob","amazonPrisa"
"prisa-resultados-mob-display-mpu3","as","mob","amazonPrisa"
"prisa-resultados-mob-display-mpu4","as","mob","amazonPrisa"
"prisa-resultados-mob-display-mpu5","as","mob","amazonPrisa"
"prisa-resultados-mob-display-sticky","as","mob","amazonPrisa"
"prisa-resultados-web-display-ldb1","as","web","amazonPrisa"
"prisa-resultados-web-display-ldb2","as","web","amazonPrisa"
"prisa-resultados-web-display-mpu1","as","web","amazonPrisa"
"prisa-resultados-web-display-sticky","as","web","amazonPrisa"
"prisa-us_tikitakas-mob-display-mldb1","as_tikitakas","mob","amazonPrisa"
"prisa-us_tikitakas-mob-display-sticky","as_tikitakas","mob","amazonPrisa"
"prisa-us-mob-display-ldb2","as","mob","amazonPrisa"
"prisa-us-mob-display-ldb4","as","mob","amazonPrisa"
"prisa-us-mob-display-ldb5","as","mob","amazonPrisa"
"prisa-us-mob-display-mldb1","as","mob","amazonPrisa"
"prisa-us-mob-display-mldb2","as","mob","amazonPrisa"
"prisa-us-mob-display-mpu1","as","mob","amazonPrisa"
"prisa-us-mob-display-mpu3","as","mob","amazonPrisa"
"prisa-us-mob-display-mpu4","as","mob","amazonPrisa"
"prisa-us-mob-display-mpu5","as","mob","amazonPrisa"
"prisa-us-mob-display-sticky","as","mob","amazonPrisa"
"prisa-us-web-display-ldb1","as","web","amazonPrisa"
"prisa-us-web-display-mpu1","as","web","amazonPrisa"
"prisa-us-web-display-mpu2","as","web","amazonPrisa"
"prisa-www-mob-display-mldb1","sin identificar","mob","amazonPrisa"
"prisa-www-mob-display-mpu2","sin identificar","mob","amazonPrisa"
"prisa-www-mob-display-mpu3","sin identificar","mob","amazonPrisa"
"prisa-www-mob-display-sticky","sin identificar","mob","amazonPrisa"
"prisa-www-web-display-ldb1","sin identificar","web","amazonPrisa"
"prisa-www-web-display-ldb2","sin identificar","web","amazonPrisa"
"prisa-www-web-display-ldb3","sin identificar","web","amazonPrisa"
"prisa-www-web-display-mpu1","sin identificar","web","amazonPrisa"
"prisa-www-web-display-mpu2","sin identificar","web","amazonPrisa"
"prisa-www-web-display-mpu3","sin identificar","web","amazonPrisa"
"prisa-www-web-display-mpu4","sin identificar","web","amazonPrisa"
"prisa-www-web-display-mpu5","sin identificar","web","amazonPrisa"
"prisa-as-web-display-mpu5","as","web","amazonPrisa"
"prisa-as-web-display-mpu3","as","web","amazonPrisa"
"prisa-huffingtonpost-mob-display-sticky","huffingtonpost","mob","amazonPrisa"
"prisa-huffingtonpost-mob-display-mpu2","huffingtonpost","mob","amazonPrisa"
"prisa-as_betech-mob-display-mpu1","as_betech","mob","amazonPrisa"
"prisa-as_meristation-mob-display-mpu2","meristation","mob","amazonPrisa"
"prisa-as_mexico-mob-display-mpu5","as","mob","amazonPrisa"
"prisa-as-mob-display-mpu3","as","mob","amazonPrisa"
"prisa-as-mob-display-mpu1","as","mob","amazonPrisa"
"prisa-as_us-web-display-mpu1","as","web","amazonPrisa"
"prisa-as-mob-display-mldb5","as","mob","amazonPrisa"
"/7811748/meristation_web/noticias","meristation","web","amazonPrisa"
"/7811748/as_web/mexico/directo","as","web","amazonPrisa"
"prisa-as-mob-display-mpu2","as","mob","amazonPrisa"
"/7811748/as_web/futbol/directo","as_futbol","web","amazonPrisa"
"/7811748/as_mob/as/directo","as","mob","amazonPrisa"
"prisa-as-mob-display-mpu5","as","mob","amazonPrisa"
"prisa-as_betech-web-display-mpu2","as_betech","web","amazonPrisa"
"prisa-as-mob-display-mpu4","as","mob","amazonPrisa"
"/7811748/as_mob/tag","as","mob","amazonPrisa"
"prisa-as_en-web-display-mpu2","as","mob","amazonPrisa"
"prisa-as-web-display-mpu2","as","web","amazonPrisa"
"prisa-as-mob-display-5","as","mob","amazonPrisa"
"/7811748/as_web/colombia/actualidad","as","web","amazonPrisa"
"/7811748/as_mob/tikitakas","as_tikitakas","mob","amazonPrisa"
"prisa-as-web-display-mpu4","as","mob","amazonPrisa"
"prisa-as_meristation-mob-display-mpu1","meristation","mob","amazonPrisa"
"/7811748/as_mob/en/directo","as","mob","amazonPrisa"
"prisa-as_argentina-mob-display-mpu1","as","mob","amazonPrisa"
"prisa-as-web-display-5","as","web","amazonPrisa"
"/7811748/as_web/chile/actualidad","as","web","amazonPrisa"
"/7811748/as_web/america","as","web","amazonPrisa"
"/7811748/as_web/en/football","as","web","amazonPrisa"
"prisa-as_mexico-mob-display-mpu3","as","mob","amazonPrisa"
"prisa-as_mexico-mob-display-mpu4","as","mob","amazonPrisa"
"prisa-as_resultados-mob-display-ldb1","as_resultados","mob","amazonPrisa"
"/7811748/as_mob/peru/directo","as","mob","amazonPrisa"
"prisa-as_betech-web-display-mpu3","as_betech","web","amazonPrisa"
"prisa-as-mob-display-sticky","as","mob","amazonPrisa"
"prisa-as_resultados-mob-display-sticky","as","mob","amazonPrisa"
"prisa-as-mob-display-mldb1","as","mob","amazonPrisa"
"prisa-as_tikitakas-mob-display-mldb1","as_tikitakas","mob","amazonPrisa"
"prisa-as_meristation-web-display-ldb1","meristation","web","amazonPrisa"
"prisa-as_resultados-web-display-ldb1","as","web","amazonPrisa"
"prisa-as_peru-mob-display-sticky","as","mob","amazonPrisa"
"prisa-as-mob-display-mldb2","as","mob","amazonPrisa"
"prisa-as_colombia-mob-display-sticky","as","mob","amazonPrisa"
"prisa-as-mob-display-ldb1","as","mob","amazonPrisa"
"prisa-as-web-display-ldb1","as","web","amazonPrisa"
"prisa-as_peru-mob-display-mpu1","as","mob","amazonPrisa"
"/7811748/as_web/en/latest_news","as","web","amazonPrisa"
"prisa-as_en-web-display-ldb1","as","web","amazonPrisa"
"prisa-as_betech-web-display-mpu1","as_betech","web","amazonPrisa"
"prisa-as-mob-display-ldb2","as","mob","amazonPrisa"
"prisa-as_en-mob-display-mldb1","as","mob","amazonPrisa"
"prisa-as_resultados-mob-display-mpu1","as","mob","amazonPrisa"
"prisa-as-mob-display-ldb4","as","mob","amazonPrisa"
"prisa-as_chile-mob-display-sticky","as","mob","amazonPrisa"
"prisa-as_argentina-mob-display-sticky","as","mob","amazonPrisa"
"prisa-as_meristation-mob-display-ldb1","meristation","mob","amazonPrisa"
"prisa-as_resultados-mob-display-mldb1","as","mob","amazonPrisa"
"prisa-as_argentina-mob-display-mldb1","as","mob","amazonPrisa"
"prisa-as-web-display-mldb1","as","web","amazonPrisa"
"prisa-as_betech-mob-display-sticky","as_betech","mob","amazonPrisa"
"prisa-as_betech-web-display-ldb1","as_betech","web","amazonPrisa"
"prisa-as_meristation-mob-display-sticky","meristation","mob","amazonPrisa"
"prisa-as_meristation-web-display-mpu1","meristation","web","amazonPrisa"
"prisa-as_tikitakas-mob-display-mpu1","as_tikitakas","mob","amazonPrisa"
"prisa-as_us-mob-display-mldb1","as","mob","amazonPrisa"
"prisa-as_argentina-web-display-mpu2","as","web","amazonPrisa"
"prisa-as_tikitakas-web-display-mpu1","as_tikitakas","web","amazonPrisa"
"prisa-as_tikitakas-mob-display-mpu2","as_tikitakas","mob","amazonPrisa"
"prisa-as_epik-mob-display-mldb1","as_epik","mob","amazonPrisa"
"prisa-as_en-web-display-mpu1","as","web","amazonPrisa"
"prisa-as_mexico-web-display-mpu1","as","web","amazonPrisa"
"prisa-as_colombia-mob-display-mpu2","as","mob","amazonPrisa"
"/7811748/as_mob/mexico/directo","as","mob","amazonPrisa"
"prisa-as_us-web-display-mpu2","as","web","amazonPrisa"
"prisa-as_tikitakas-web-display-mpu3","as_tikitakas","web","amazonPrisa"
"prisa-as_peru-mob-display-mpu2","as","mob","amazonPrisa"
"prisa-as_epik-mob-display-mpu1","as_epik","web","amazonPrisa"
"prisa-as_tikitakas-mob-display-mpu4","as_tikitakas","mob","amazonPrisa"
"prisa-as_chile-web-display-mpu2","as_epik","web","amazonPrisa"
"prisa-as_mexico-mob-display-mpu1","as","mob","amazonPrisa"
"prisa-as_resultados-web-display-mpu4","as_resultados","web","amazonPrisa"
"prisa-as_meristation-mob-display-mpu3","meristation","mob","amazonPrisa"
"prisa-as_argentina-mob-display-mpu4","as","mob","amazonPrisa"
"prisa-as_resultados-mob-display-mpu2","as_resultados","mob","amazonPrisa"
"prisa-as_us-web-display-mpu3","as","mob","amazonPrisa"
"prisa-as_tikitakas-web-display-mpu2","as_tikitakas","web","amazonPrisa"
"prisa-as_us-mob-display-mpu1","as","mob","amazonPrisa"
"prisa-as_us-web-display-mpu4","as","web","amazonPrisa"
"prisa-as_tikitakas-mob-display-mpu3","as_tikitakas","mob","amazonPrisa"
"prisa-as_tikitakas-mob-display-sticky","as_tikitakas","mob","amazonPrisa"
"/7811748/as_web/futbol/internacional","as_futbol","web","amazonPrisa"
"prisa-as_en-mob-display-mpu5","as","mob","amazonPrisa"
"/7811748/as_web/mexico/actualidad","as","web","amazonPrisa"
"prisa-as_us-mob-display-mpu5","as","mob","amazonPrisa"
"prisa-as_resultados-web-display-mpu1","as_resultados","web","amazonPrisa"
"prisa-as-web-display-ldb2","as","web","amazonPrisa"
"prisa-as_resultados-mob-display-mldb2","as_resultados","mob","amazonPrisa"
"prisa-as_colombia-mob-display-mldb2","as","mob","amazonPrisa"
"prisa-as_colombia-mob-display-mpu1","as","mob","amazonPrisa"
"prisa-as_colombia-web-display-mpu1","as","web","amazonPrisa"
"prisa-as_betech-mob-display-mldb1","as_betech","mob","amazonPrisa"
"prisa-as_us-mob-display-mldb4","as","mob","amazonPrisa"
"prisa-as_mexico-mob-display-sticky","as","mob","amazonPrisa"
"prisa-as_en-mob-display-sticky","as","mob","amazonPrisa"
"prisa-huffingtonpost-mob-display-mldb1","huffingtonpost","mob","amazonPrisa"
"prisa-as_meristation-mob-display-mldb1","meristation","mob","amazonPrisa"
"prisa-as_mexico-mob-display-mldb1","as","mob","amazonPrisa"
"prisa-as_resultados-web-display-ldb2","as_resultados","web","amazonPrisa"
"prisa-as-web-display-sticky","as","web","amazonPrisa"
"/7811748/as_web/as/actualidad","as","web","amazonPrisa"
"/7811748/meristation_mob/noticias","meristation","mob","amazonPrisa"
"prisa-as_us-mob-display-sticky","as","mob","amazonPrisa"
"/7811748/as_mob/futbol/directo","as_futbol","mob","amazonPrisa"
"prisa-as_peru-mob-display-mpu3","as","mob","amazonPrisa"
"prisa-as_betech-mob-display-mpu3","as_betech","mob","amazonPrisa"
"prisa-as_tikitakas-mob-display-ldb1","as_tikitakas","mob","amazonPrisa"
"prisa-as_colombia-mob-display-mpu5","as","mob","amazonPrisa"
"prisa-as_mexico-mob-display-mldb2","as","mob","amazonPrisa"
"prisa-as_meristation-mob-display-mldb2","meristation","mob","amazonPrisa"
"prisa-as_peru-web-display-mpu1","as","web","amazonPrisa"
"prisa-as_meristation-web-display-mpu2","meristation","web","amazonPrisa"
"prisa-huffingtonpost-mob-display-mpu1","huffingtonpost","mob","amazonPrisa"
"prisa-as_us-mob-display-mldb5","as","mob","amazonPrisa"
"/7811748/meristation_web/guias","meristation","web","amazonPrisa"
"/7811748/as_web/en/other_sports","as","web","amazonPrisa"
"prisa-as_epik-web-display-mpu2","as_epik","web","amazonPrisa"
"prisa-as_us-mob-display-mldb2","as","mob","amazonPrisa"
"prisa-as_tikitakas-web-display-ldb1","as_tikitakas","web","amazonPrisa"
"prisa-as_meristation-web-display-mpu5","meristation","web","amazonPrisa"
"/7811748/as_web/futbol/liga_de_campeones","as_futbol","web","amazonPrisa"
"prisa-as_mexico-mob-display-mpu2","as","mob","amazonPrisa"
"prisa-as_resultados-web-display-mpu5","as_resultados","web","amazonPrisa"
"/7811748/as_mob/america","as","mob","amazonPrisa"
"prisa-as_meristation-web-display-mpu3","meristation","web","amazonPrisa"
"/7811748/as_web/mexico/futbol","as","web","amazonPrisa"
"prisa-as_tikitakas-web-display-sticky","as_tikitakas","web","amazonPrisa"
"prisa-as_tikitakas-mob-display-mldb2","as_tikitakas","mob","amazonPrisa"
"prisa-as_epik-mob-display-sticky","as_epik","mob","amazonPrisa"
"prisa-as_us-web-display-ldb1","as","web","amazonPrisa"
"/7811748/as_mob/buenavida","as_buenavida","mob","amazonPrisa"
"prisa-as_colombia-mob-display-mpu4","as","mob","amazonPrisa"
"prisa-as_us-mob-display-mpu3","as","mob","amazonPrisa"
"prisa-as_resultados-mob-display-mpu3","as_resultados","mob","amazonPrisa"
"prisa-as_meristation-mob-display-mpu5","meristation","mob","amazonPrisa"
"prisa-as_colombia-web-display-mpu5","as","web","amazonPrisa"
"prisa-as_argentina-mob-display-mpu2","as","mob","amazonPrisa"
"/7811748/as_web/tikitakas","as_tikitakas","web","amazonPrisa"
"prisa-as_us-mob-display-mpu2","as","mob","amazonPrisa"
"prisa-as_meristation-mob-display-mpu4","meristation","mob","amazonPrisa"
"prisa-as_colombia-web-display-mpu2","as","web","amazonPrisa"
"prisa-as_chile-web-display-mpu1","as","web","amazonPrisa"
"prisa-as_argentina-mob-display-mpu5","as","mob","amazonPrisa"
"prisa-as_colombia-mob-display-5","as","mob","amazonPrisa"
"prisa-as_tikitakas-web-display-mpu4","as_tikitakas","web","amazonPrisa"
"prisa-as_betech-mob-display-mpu2","as_betech","mob","amazonPrisa"
"/7811748/as_web/as/directo","as","web","amazonPrisa"
"prisa-as-web-display-mldb5","as","web","amazonPrisa"
"prisa-as_mexico-mob-display-ldb1","as","mob","amazonPrisa"
"prisa-as_meristation-web-display-ldb2","meristation","web","amazonPrisa"
"prisa-as_us-web-display-ldb3","as","web","amazonPrisa"
"prisa-as_us-web-display-ldb4","as","web","amazonPrisa"
"/7811748/as_web/en/directo","as","web","amazonPrisa"
"prisa-as-web-display-mldb2","as","web","amazonPrisa"
"prisa-as_us-mob-display-mpu4","as","mob","amazonPrisa"
"prisa-as_resultados-web-display-mpu2","as_resultados","web","amazonPrisa"
"prisa-as_colombia-web-display-mpu3","as","web","amazonPrisa"
"prisa-as_us-web-display-mpu5","as","web","amazonPrisa"
"prisa-as_meristation-web-display-mpu4","meristation","web","amazonPrisa"
"/7811748/meristation_mob/trucos","meristation","mob","amazonPrisa"
"prisa-as_us-web-display-ldb2","as","web","amazonPrisa"
"prisa-as_peru-mob-display-mpu5","as","mob","amazonPrisa"
"prisa-as_mexico-web-display-mpu2","as","web","amazonPrisa"
"prisa-as_resultados-mob-display-ldb2","as_resultados","mob","amazonPrisa"
"prisa-as_mexico-web-display-ldb1","as","web","amazonPrisa"